Rank,Coach,School, Total Pay ,Conf,Scheduled School Pay,Contract Year Pandemic Reduction,Actual School Pay,Total Pandemic Reduction,School Buyout,,as_Rank,as_Coach,as_School,as_Total Pay,as_Conf,as_Scheduled School Pay,as_Contract Year Pandemic Reduction,as_Actual School Pay,as_Total Pandemic Reduction,School Buyout,,s_Rank,s_Coach,s_School,s_Total Pay,s_Conf,s_Scheduled School Pay,s_Contract Year Pandemic Reduction,s_Actual School Pay,s_Total Pandemic Reduction,School Buyout,,Team,Win-Loss Record,Win %,MOV,ATS +/-
,,,,,,,,,as of 12/1/2021,,,,,,,,,,,as of 12/1/2020,,,,,,,,,,,as of 12/1/2020,,Alabama,13-0-0,100.00%,29.1,7.2
1,Nick Saban,Alabama," $9,753,221 ",SEC,"$9,500,000 ",$0*,"$9,500,000 ",$0*,"$38,400,000 ",,1,Steve Sarkisian,Alabama,"$2,500,000 ",SEC,"$2,500,000 ",$0 ,"$2,500,000 ",$0 ,—,,1,Mickey Marotti,Ohio State,"$787,798 ",Big Ten,"$801,150 ","$13,352 ","$787,798 ","$30,043 ",—,,BYU,11/1/2000,91.70%,28.2,9.4
2,Ed Orgeron,Louisiana State," $9,012,917 ",SEC,"$8,687,500 ","$300,000*","$8,387,500 ","$300,000*","$17,150,000 ",,2,Kevin Steele,Auburn,"$2,500,000 ",SEC,"$2,500,000 ",$0 ,"$2,500,000 ",$0 ,—,,2,Rob Glass,Oklahoma State,"$647,500 ",Big 12,"$700,000 ","$52,500 ","$647,500 ","$110,833 ",—,,Coastal Car,11/1/2000,91.70%,16.9,12
3,David Shaw,Stanford," $8,924,683 ",Pac-12,"$8,924,683 ",—,"$8,924,683 ",—,—,,3,Bo Pelini,Louisiana State,"$2,276,250 ",SEC,"$2,305,000 ","$28,750 ","$2,276,250 ","$115,000 ",—,,3,Ben Herbert,Michigan,"$645,000 ",Big Ten,"$700,000 ","$55,000 ","$645,000 ","$55,000 ",—,,LA Lafayette,10/1/2000,90.90%,11.6,1.4
4,Dabo Swinney,Clemson," $8,370,775 ",ACC,"$9,508,575 ","$1,250,000*","$8,258,575 ","$1,250,000*","$47,500,000 ",,4,Brent Venables,Clemson,"$2,161,500 ",ACC,"$2,400,000 ","$240,000 ","$2,160,000 ","$240,000 ",—,,4,Joey Batson,Clemson,"$580,000 ",ACC,"$600,000 ","$30,000 ","$570,000 ","$60,000 ",—,,Liberty,10/1/2000,90.90%,17.6,8.6
5,Lincoln Riley,Oklahoma," $7,672,710 ",Big 12,"$7,857,293 ","$214,583*","$7,642,710 ","$515,000*","$25,188,000 ",,5,Mike Elko,Texas A&M,"$2,100,000 ",SEC,"$2,100,000 ",$0 ,"$2,100,000 ",$0 ,—,,5,Jerry Schmidt,Texas A&M,"$575,000 ",SEC,"$575,000 ",$0 ,"$575,000 ",$0 ,—,,Cincinnati,9/1/2000,90.00%,20.7,7.8
6,Dan Mullen,Florida," $7,570,000 ",SEC,"$7,570,000 ",$0*,"$7,570,000 ",$0*,"$12,000,000 ",,6,Todd Grantham,Florida,"$1,801,500 ",SEC,"$1,801,500 ",$0 ,"$1,801,500 ",$0 ,—,,6,Tommy Moffitt,Louisiana State,"$547,000 ",SEC,"$540,000 ","$13,500 ","$526,500 ","$27,500 ",—,,Texas A&M,9/1/2000,90.00%,10.9,3
7,Jimbo Fisher,Texas A&M," $7,500,000 ",SEC,"$7,500,000 ",$0*,"$7,500,000 ",$0*,"$95,575,000 ",,7,Alex Grinch,Oklahoma,"$1,718,333 ",Big 12,"$1,800,000 ","$81,667 ","$1,718,333 ","$140,000 ",—,,7,David Ballou,Alabama,"$500,000 ",SEC,"$500,000 ",$0 ,"$500,000 ",$0 ,—,,Ball State,7/1/2000,87.50%,8.5,9.3
8,Kirby Smart,Georgia," $7,133,600 ",SEC,"$7,003,600 ",$0 ,"$7,003,600 ",$0 ,"$14,614,167 ",,8,Don Brown,Michigan,"$1,700,000 ",Big Ten,"$1,700,000 ",$0 ,"$1,700,000 ",$0 ,—,,8,Ryan Russell,Auburn,"$500,000 ",SEC,"$500,000 ",$0 ,"$500,000 ",$0 ,—,,San Jose St,7/1/2000,87.50%,8.8,6.9
9,Ryan Day,Ohio State," $6,614,693 ",Big Ten,"$6,750,000 ","$135,307*","$6,614,693 ","$236,877*","$28,416,668 ",,9,Jim Chaney,Tennessee,"$1,600,000 ",SEC,"$1,600,000 ",$0 ,"$1,600,000 ",$0 ,—,,9,Jay Butler,Rutgers,"$500,000 ",Big Ten,"$500,000 ",$0 ,"$500,000 ",$0 ,—,,Ohio State,7/1/2000,87.50%,15.2,0.3
10,Gary Patterson,Texas Christian," $6,103,543 ",Big 12,"$6,103,543 ",—,"$6,103,543 ",—,—,,10,Mike Yurcich,Texas,"$1,556,354 ",Big 12,"$1,700,000 ","$143,646 ","$1,556,354 ","$246,250 ",—,,10,Yancy McKnight,Texas,"$470,479 ",Big 12,"$510,000 ","$39,521 ","$470,479 ","$67,750 ",—,,Buffalo,6/1/2000,85.70%,21.6,5.6
11,Pat Fitzgerald,Northwestern," $5,748,179 ",Big Ten,"$5,748,179 ",—,"$5,748,179 ",—,—,,11,Tony Elliott,Clemson,"$1,520,000 ",ACC,"$1,600,000 ","$80,000 ","$1,520,000 ","$201,667 ",—,,11,Brian Hess,North Carolina,"$458,333 ",ACC,"$500,000 ","$41,667 ","$458,333 ","$75,000 ",—,,Clemson,10/2/2000,83.30%,23.3,-1.3
12,Chip Kelly,UCLA," $5,600,000 ",Pac-12,"$5,600,000 ",$0*,"$5,600,000 ",$0*,"$9,000,000 ",,12,Kerry Coombs,Ohio State,"$1,370,833 ",Big Ten,"$1,400,000 ","$29,167 ","$1,370,833 ","$52,500 ",—,,12,Nick Savage,Florida,"$450,000 ",SEC,"$450,000 ",$0 ,"$450,000 ",$0 ,—,,Notre Dame,10/2/2000,83.30%,13.8,2.9
13,Mel Tucker,Michigan State," $5,566,303 ",Big Ten,"$5,632,553 ","$166,250*","$5,466,303 ","$266,000*","$19,284,375 ",,13,Barry Odom,Arkansas,"$1,275,000 ",SEC,"$1,300,000 ","$25,000 ","$1,275,000 ","$45,833 ",—,,13,Scott Sinclair,Georgia,"$450,000 ",SEC,"$450,000 ",$0 ,"$450,000 ",$0 ,—,,USC,5/1/2000,83.30%,7.3,0.2
14,Steve Sarkisian,Texas," $5,450,000 ",Big 12,"$5,450,000 ",$0*,"$5,450,000 ",$0*,"$20,603,333 ",,14,Dan Lanning,Georgia,"$1,254,500 ",SEC,"$1,250,000 ",$0 ,"$1,250,000 ",$0 ,—,,14,Paul Jackson,South Carolina,"$438,450 ",SEC,"$450,000 ","$11,550 ","$438,450 ","$23,100 ",—,,Oklahoma,9/2/2000,81.80%,21.3,4.1
15,Mark Stoops,Kentucky," $5,263,600 ",SEC,"$5,250,000 ",$0 ,"$5,250,000 ",$0 ,"$19,921,875 ",,15,Pete Golding,Alabama,"$1,225,000 ",SEC,"$1,225,000 ",$0 ,"$1,225,000 ",$0 ,—,,15,Bennie Wylie,Oklahoma,"$430,000 ",Big 12,"$430,000 ",$0 ,"$430,000 ",$0 ,—,,Georgia,8/2/2000,80.00%,12.3,-0.9
16,Kyle Whittingham,Utah," $5,200,000 ",Pac-12,"$5,200,000 ",$0*,"$5,200,000 ","$365,822*","$18,250,000 ",,16,Travaris Robinson,South Carolina,"$1,180,750 ",SEC,"$1,200,000 ","$19,250 ","$1,180,750 ","$38,500 ",—,,16,Aaron Wellman,Indiana,"$423,077 ",Big Ten,"$440,000 ","$16,923 ","$423,077 ","$16,923 ",—,,Nevada,7/2/2000,77.80%,7.4,0.9
17,Scott Frost,Nebraska," $5,000,000 ",Big Ten,"$5,000,000 ",$0*,"$5,000,000 ","$166,667*","$20,416,667 ",,17,Mike Bobo,South Carolina,"$1,180,750 ",SEC,"$1,200,000 ","$19,250 ","$1,180,750 ","$38,500 ",—,,17,Dave Andrews,Iowa State,"$423,000 ",Big 12,"$470,000 ","$47,000 ","$423,000 ","$47,000 ",—,,Northwestern,7/2/2000,77.80%,8.8,5.6
18,Kirk Ferentz,Iowa," $5,000,000 ",Big Ten,"$5,000,000 ",$0*,"$5,000,000 ","$100,000*","$16,503,333 ",,18,Kevin Wilson,Ohio State,"$1,180,000 ",Big Ten,"$1,200,000 ","$20,000 ","$1,180,000 ","$45,000 ",—,,18,Lou Hernandez,Illinois,"$394,000 ",Big Ten,"$400,000 ","$6,000 ","$394,000 ","$36,000 ",—,,App State,9/3/2000,75.00%,13.8,-1.2
19,Bryan Harsin,Auburn," $5,000,000 ",SEC,"$5,000,000 ",$0 ,"$5,000,000 ",$0 ,"$17,791,667 ",,19,Greg Mattison,Ohio State,"$1,114,117 ",Big Ten,"$1,133,000 ","$18,883 ","$1,114,117 ","$18,883 ",—,,19,Tim Socha,Washington,"$393,008 ",Pac-12,"$400,008 ","$7,000 ","$393,008 ","$12,000 ",—,,Iowa State,9/3/2000,75.00%,11.5,4.9
20,Mike Leach,Mississippi State," $5,000,000 ",SEC,"$5,000,000 ",$0*,"$5,000,000 ",$0*,—,,20,Larry Johnson,Ohio State,"$1,114,117 ",Big Ten,"$1,133,000 ","$18,883 ","$1,114,117 ","$42,487 ",—,,20,Zac Woodfin,Missouri,"$390,000 ",SEC,"$400,000 ","$10,000 ","$390,000 ","$10,000 ",—,,Washington,3/1/2000,75.00%,5.2,-6.4
21,Lane Kiffin,Mississippi," $4,841,937 ",SEC,"$5,000,000 ","$158,063*","$4,841,937 ","$293,813*",—,,21,Todd Monken,Georgia,"$1,100,000 ",SEC,"$1,100,000 ",$0 ,"$1,100,000 ",$0 ,—,,21,Zach Duval,Nebraska,"$386,667 ",Big Ten,"$400,000 ","$13,333 ","$386,667 ","$13,333 ",—,,Indiana,6/2/2000,75.00%,8.6,9.4
22,Pat Narduzzi,Pittsburgh," $4,816,806 ",ACC,"$4,816,806 ",—,"$4,816,806 ",—,—,,22,Jim Leonhard,Wisconsin,"$1,039,074 ",Big Ten,"$1,128,534 ","$89,460 ","$1,039,074 ","$89,460 ",—,,22,Dan Nichol,Minnesota,"$375,385 ",Big Ten,"$400,000 ","$24,615 ","$375,385 ","$40,000 ",—,,Kent State,3/1/2000,75.00%,11.8,1
23,Clay Helton,Southern California," $4,813,832 ",Pac-12,"$4,813,832 ",—,"$4,813,832 ",—,—,,23,Sonny Cumbie,Texas Christian,"$1,020,465 ",Big 12,—,—,—,—,—,,23,Mike Sirignano,Louisville,"$375,000 ",ACC,"$375,000 ",$0 ,"$375,000 ",$0 ,—,,Iowa,6/2/2000,75.00%,15.8,11.3
24,P.J. Fleck,Minnesota," $4,420,000 ",Big Ten,"$4,650,000 ","$230,000*","$4,420,000 ","$548,320*","$15,851,875 ",,24,Derrick Ansley,Tennessee,"$1,000,000 ",SEC,"$1,000,000 ",$0 ,"$1,000,000 ",$0 ,—,,24,Mike Joseph,West Virginia,"$363,900 ",Big 12,"$376,000 ","$12,500 ","$363,500 ","$18,917 ",—,,Army,9/3/2000,75.00%,11.9,2.6
25,Jeff Brohm,Purdue," $4,417,774 ",Big Ten,"$5,000,000 ","$582,226*","$4,417,774 ","$873,340*","$18,966,667 ",,25,Steve Ensminger,Louisiana State,"$989,750 ",SEC,"$1,000,000 ","$12,500 ","$987,500 ","$50,000 ",—,,25,Chris Dawson,Kansas State,"$360,769 ",Big 12,"$400,000 ","$39,231 ","$360,769 ","$40,000 ",—,,Oklahoma St,8/3/2000,72.70%,6.7,-1
26,Mario Cristobal,Oregon," $4,402,917 ",Pac-12,"$4,600,000 ","$197,083*","$4,402,917 ","$360,208*","$15,030,000 ",,26,Pete Kwiatkowski,Washington,"$982,508 ",Pac-12,"$1,000,008 ","$17,500 ","$982,508 ","$31,250 ",—,,26,Doug Elisaia,Utah,"$350,000 ",Pac-12,"$350,000 ",$0 ,"$350,000 ",$0 ,—,,Miami (FL),8/3/2000,72.70%,7,0.9
27,Paul Chryst,Wisconsin," $4,362,750 ",Big Ten,"$4,650,000 ","$321,250*","$4,328,750 ","$751,250*","$19,103,724 ",,27,Kendal Briles,Arkansas,"$975,000 ",SEC,"$1,000,000 ","$25,000 ","$975,000 ","$25,000 ",—,,27,Tyson Brown,Mississippi State,"$350,000 ",SEC,"$350,000 ",$0 ,"$350,000 ",$0 ,—,,Memphis,8/3/2000,72.70%,3.1,-4.3
28,Tom Allen,Indiana," $4,260,000 ",Big Ten,"$4,310,000 ","$50,000*","$4,260,000 ","$50,000*","$30,000,000 ",,28,Rod Smith,Illinois,"$938,750 ",Big Ten,"$950,000 ","$11,250 ","$938,750 ","$71,250 ",—,,28,Ross Kolodziej,Wisconsin,"$318,750 ",Big Ten,"$375,000 ","$56,250 ","$318,750 ","$65,625 ",—,,Boise State,5/2/2000,71.40%,6.7,-3
29,Bronco Mendenhall,Virginia," $4,251,500 ",ACC,"$4,250,000 ",$0*,"$4,250,000 ","$264,794*","$13,281,250 ",,29,Jay Johnson,Michigan State,"$935,187 ",Big Ten,"$975,000 ","$39,813 ","$935,187 ","$68,250 ",—,,29,Wilson Love,Mississippi,"$316,875 ",SEC,"$325,000 ","$8,125 ","$316,875 ","$8,125 ",—,,S Methodist,7/3/2000,70.00%,7.7,-5.2
30,Mike Gundy,Oklahoma State," $4,203,125 ",Big 12,"$4,375,000 ","$171,875*","$4,203,125 ","$263,021*","$7,119,792 ",,30,Scottie Hazelton,Michigan State,"$911,208 ",Big Ten,"$950,000 ","$38,792 ","$911,208 ","$66,500 ",—,,30,Dantonio Burnette,NC State,"$312,523 ",ACC,"$324,700 ","$12,177 ","$312,523 ","$44,646 ",—,,Texas,7/3/2000,70.00%,14.2,4.7
31,Bret Bielema,Illinois," $4,200,000 ",Big Ten,"$4,200,000 ",$0 ,"$4,200,000 ",$0 ,"$15,138,425 ",,31,Eddie Gran,Kentucky,"$901,200 ",SEC,"$900,000 ",$0 ,"$900,000 ",$0 ,—,,31,Jason Novak,Michigan State,"$311,458 ",Big Ten,"$325,000 ","$13,542 ","$311,458 ","$13,542 ",—,,Marshall,7/3/2000,70.00%,15.5,0.7
32,Jim Harbaugh,Michigan," $4,030,901 ",Big Ten,"$4,000,000 ",$0*,"$4,000,000 ","$264,687*","$4,444,444 ",,32,Josh Gattis,Michigan,"$900,000 ",Big Ten,"$900,000 ",$0 ,"$900,000 ",$0 ,—,,32,Josh Storms,Florida State,"$310,000 ",ACC,"$310,000 ",$0 ,"$310,000 ",$0 ,—,,Tulsa,6/3/2000,66.70%,5.6,7.2
33,Dana Holgorsen,Houston," $4,000,000 ",AAC,"$4,000,000 ",$0*,"$4,000,000 ","$190,000*","$5,431,250 ",,33,Vince Marrow,Kentucky,"$900,000 ",SEC,"$900,000 ",$0 ,"$900,000 ",$0 ,—,,33,Frank Wintrich,UCLA,"$310,000 ",Pac-12,"$310,000 ",$0 ,"$310,000 ",$0 ,—,,NC State,8/4/2000,66.70%,1.1,2.3
34,Greg Schiano,Rutgers," $4,000,000 ",Big Ten,"$4,000,000 ",$0*,"$4,000,000 ","$266,664*","$19,218,750 ",,34,Matt Luke,Georgia,"$900,000 ",SEC,"$900,000 ",$0 ,"$900,000 ",$0 ,—,,34,Torre Becton,California,"$300,000 ",Pac-12,"$300,000 ",$0 ,"$300,000 ",$0 ,—,,N Carolina,8/4/2000,66.70%,12.2,0.9
35,Josh Heupel,Tennessee," $4,000,000 ",SEC,"$4,000,000 ",$0*,"$4,000,000 ",$0*,"$20,666,667 ",,35,Ryan Walters,Missouri,"$877,500 ",SEC,"$900,000 ","$22,500 ","$877,500 ","$22,500 ",—,,35,Corey Edmond,Kentucky,"$290,600 ",SEC,"$290,000 ",$0 ,"$290,000 ",$0 ,—,,Toledo,4/2/2000,66.70%,10.7,0.8
36,Eliah Drinkwitz,Missouri," $4,000,000 ",SEC,"$4,000,000 ",$0*,"$4,000,000 ","$100,000*","$11,550,000 ",,36,Elijah Robinson,Texas A&M,"$876,200 ",SEC,"$875,000 ",$0 ,"$875,000 ",$0 ,—,,36,Aaron Feld,Oregon,"$289,979 ",Pac-12,"$310,000 ","$20,021 ","$289,979 ","$20,021 ",—,,Colorado,4/2/2000,66.70%,-3.2,-1.2
37,Matt Campbell,Iowa State," $4,000,000 ",Big 12,"$4,000,000 ",$0*,"$4,000,000 ","$248,562*","$28,333,333 ",,37,Brad White,Kentucky,"$876,200 ",SEC,"$875,000 ",$0 ,"$875,000 ",$0 ,—,,37,Jamil Walker,Arkansas,"$285,000 ",SEC,"$300,000 ","$15,000 ","$285,000 ","$27,500 ",—,,Stanford,4/2/2000,66.70%,-2.3,0.6
38,Herm Edwards,Arizona State," $3,886,500 ",Pac-12,"$3,700,000 ",$0 ,"$3,700,000 ",$0 ,"$11,408,333 ",,38,Darrell Dickey,Texas A&M,"$867,067 ",SEC,"$866,667 ",$0 ,"$866,667 ",$0 ,—,,38,Shawn Griswold,Virginia,"$280,625 ",ACC,"$300,000 ","$19,375 ","$280,625 ","$19,375 ",—,,W Michigan,4/2/2000,66.70%,7.5,-1.9
39,Justin Fuente,Virginia Tech," $3,825,000 ",ACC,"$4,250,000 ","$425,000*","$3,825,000 ","$425,000*","$10,000,000 ",,39,Andy Ludwig,Utah,"$855,000 ",Pac-12,"$900,000 ","$45,000 ","$855,000 ","$45,000 ",—,,39,Raimond Braithwaite,Iowa,"$279,000 ",Big Ten,"$310,000 ","$31,000 ","$279,000 ","$31,000 ",—,,Ohio,2/1/2000,66.70%,17.7,0.2
40,Mike Norvell,Florida State," $3,750,000 ",ACC,"$4,250,000 ","$500,000*","$3,750,000 ","$968,750*","$16,220,833 ",,40,Joe Moorhead,Oregon,"$841,875 ",Pac-12,"$900,000 ","$58,125 ","$841,875 ","$99,792 ",—,,40,Mike McDonald,Oregon State,"$264,847 ",Pac-12,"$275,004 ","$10,157 ","$264,847 ","$15,697 ",—,,Florida,8/4/2000,66.70%,9,-2.2
41,Dave Clawson,Wake Forest," $3,611,071 ",ACC,"$3,611,071 ",—,"$3,611,071 ",—,—,,41,John Donovan,Washington,"$835,133 ",Pac-12,"$850,008 ","$14,875 ","$835,133 ","$25,813 ",—,,41,Ryan Davis,Maryland,"$257,550 ",Big Ten,"$257,550 ",$0 ,"$257,550 ",$0 ,—,,Miami (OH),2/1/2000,66.70%,2,0.2
42,Dino Babers,Syracuse," $3,504,958 ",ACC,"$3,504,958 ",—,"$3,504,958 ",—,—,,42,Jay Bateman,North Carolina,"$825,000 ",ACC,"$900,000 ","$75,000 ","$825,000 ","$135,000 ",—,,42,Joe Connolly,Arizona State,"$255,000 ",Pac-12,"$255,000 ",$0 ,"$255,000 ",$0 ,—,,UAB,6/3/2000,66.70%,7,0.4
43,Justin Wilcox,California," $3,444,996 ",Pac-12,"$3,600,000 ","$155,004*","$3,444,996 ","$228,756*","$16,158,333 ",,43,Phil Longo,North Carolina,"$825,000 ",ACC,"$900,000 ","$75,000 ","$825,000 ","$135,000 ",—,,43,Dave Scholz,Texas Tech,"$243,125 ",Big 12,"$250,000 ","$6,875 ","$243,125 ","$6,875 ",—,,GA Southern,8/5/2000,61.50%,6.5,1.3
44,Mack Brown,North Carolina," $3,431,250 ",ACC,"$2,800,000 ","$68,750*","$2,731,250 ","$112,500*","$2,406,250 ",,44,Scottie Montgomery,Maryland,"$820,125 ",Big Ten,"$829,500 ","$9,375 ","$820,125 ","$19,375 ",—,,44,Lewis Caralla,Georgia Tech,"$233,495 ",ACC,"$233,495 ",$0 ,"$233,495 ",$0 ,—,,W Virginia,6/4/2000,60.00%,6,-0.3
45,Luke Fickell,Cincinnati," $3,400,000 ",AAC,"$3,400,000 ",$0*,"$3,400,000 ","$85,000*","$20,400,000 ",,45,Bill Bedenbaugh,Oklahoma,"$810,000 ",Big 12,"$810,000 ",$0 ,"$810,000 ",$0 ,—,,45,Drew Wilson,Colorado,"$225,443 ",Pac-12,"$232,715 ","$7,272 ","$225,443 ","$7,272 ",—,,Utah,3/2/2000,60.00%,4.2,0.2
46,Karl Dorrell,Colorado," $3,240,000 ",Pac-12,"$3,400,000 ","$160,000*","$3,240,000 ","$320,000*","$14,800,000 ",,46,Tom Manning,Iowa State,"$810,000 ",Big 12,"$900,000 ","$90,000 ","$810,000 ","$90,000 ",—,,46,Dwain Bradshaw,Washington State,"$206,250 ",Pac-12,"$225,000 ","$18,750 ","$206,250 ","$18,750 ",—,,TX Christian,6/4/2000,60.00%,6.6,2.5
47,Dave Doeren,NC State," $3,180,000 ",ACC,"$3,500,000 ","$325,000*","$3,175,000 ","$460,417*","$7,656,250 ",,47,Jon Heacock,Iowa State,"$810,000 ",Big 12,"$900,000 ","$90,000 ","$810,000 ","$90,000 ",—,,47,A.J. Artis,Tennessee,"$200,000 ",SEC,"$200,000 ",$0 ,"$200,000 ",$0 ,—,,Central FL,6/4/2000,60.00%,9,-3.8
48,Scott Satterfield,Louisville," $3,087,500 ",ACC,"$3,250,000 ","$162,500 ","$3,087,500 ","$325,000 ","$7,515,625 ",,48,Sean Gleeson,Rutgers,"$805,000 ",Big Ten,"$805,000 ",$0 ,"$805,000 ",$0 ,—,,48,Domenic Reno,Purdue,"$190,000 ",Big Ten,"$200,000 ","$10,000 ","$190,000 ","$30,000 ",—,,Georgia State,6/4/2000,60.00%,1.6,3.5
49,Jimmy Lake,Washington," $3,040,972 ",Pac-12,"$3,100,000 ","$59,028*","$3,040,972 ","$92,088*","$10,416,667 ",,49,Phil Parker,Iowa,"$801,000 ",Big Ten,"$890,000 ","$89,000 ","$801,000 ","$89,000 ",—,,49,Brian Johnson,Arizona,"$158,866 ",Pac-12,"$175,000 ","$16,134 ","$158,866 ","$16,134 ",—,,TX-San Ant,7/5/2000,58.30%,2.6,6.8
50,Matt Wells,Texas Tech," $3,034,083 ",Big 12,"$3,100,000 ","$65,917*","$3,034,083 ","$193,083*","$7,099,601 ",,50,Charles Kelly,Alabama,"$800,000 ",SEC,"$800,000 ",$0 ,"$800,000 ",$0 ,—,,50,Cullen Carroll,Stanford,—,Pac-12,—,—,—,—,—,,Wisconsin,4/3/2000,57.10%,7.7,-2.1
51,Nick Rolovich,Washington State," $3,000,000 ",Pac-12,"$3,000,000 ",$0*,"$3,000,000 ","$181,250*","$4,300,000 ",,51,Will Friend,Tennessee,"$800,000 ",SEC,"$800,000 ",$0 ,"$800,000 ",$0 ,—,,51,Noel Durfey,Duke,—,ACC,—,—,—,—,—,,Oregon,4/3/2000,57.10%,3,-4.6
52,Neal Brown,West Virginia," $2,997,500 ",Big 12,"$3,155,000 ","$157,500*","$2,997,500 ","$312,500*","$20,462,500 ",,52,Jim Knowles,Oklahoma State,"$800,000 ",Big 12,"$800,000 ",$0 ,"$800,000 ",$0 ,—,,52,Corey Campbell,Baylor,—,Big 12,—,—,—,—,—,,Hawaii,5/4/2000,55.60%,-1.3,-0.6
53,David Cutcliffe,Duke," $2,957,001 ",ACC,"$2,957,001 ",—,"$2,957,001 ",—,—,,53,Kasey Dunn,Oklahoma State,"$800,000 ",Big 12,"$800,000 ",$0 ,"$800,000 ",$0 ,—,,53,Don Sommer,Texas Christian,—,Big 12,—,—,—,—,—,,Fla Atlantic,5/4/2000,55.60%,1.4,-3.3
54,Sam Pittman,Arkansas," $2,925,000 ",SEC,"$3,000,000 ","$75,000*","$2,925,000 ","$175,000*",—,,54,Scott Linehan,Louisiana State,"$795,000 ",SEC,"$805,000 ","$10,000 ","$795,000 ","$40,000 ",—,,54,Ben Iannacchione,Kansas,—,Big 12,—,—,—,—,—,,Auburn,6/5/2000,54.50%,0.4,0.2
55,Chris Klieman,Kansas State," $2,915,292 ",Big 12,"$3,100,000 ","$184,708*","$2,915,292 ","$360,750*","$15,493,750 ",,55,Adam Fuller,Florida State,"$788,000 ",ACC,"$800,000 ","$12,000 ","$788,000 ","$24,000 ",—,,55,Matt Balis,Notre Dame,—,ACC,—,—,—,—,—,,Pittsburgh,6/5/2000,54.50%,4.5,2
56,Geoff Collins,Georgia Tech," $2,883,115 ",ACC,"$3,200,000 ","$317,885*","$2,882,115 ","$317,885*","$14,066,667 ",,56,Brent Pry,Penn State,"$786,633 ",Big Ten,—,—,—,—,—,,56,Michael Stacchiotti,Pittsburgh,—,ACC,—,—,—,—,—,,Boston Col,6/5/2000,54.50%,-0.5,3.3
57,Lance Leipold,Kansas," $2,800,000 ",Big 12,"$2,800,000 ",$0*,"$2,800,000 ",$0*,"$10,651,667 ",,57,Brian Ferentz,Iowa,"$774,600 ",Big Ten,"$860,000 ","$86,000 ","$774,000 ","$86,000 ",—,,57,David Feeley,Miami,—,ACC,—,—,—,—,—,,Virginia,5/5/2000,50.00%,1.1,0.4
58,Shane Beamer,South Carolina," $2,750,000 ",SEC,"$2,750,000 ",$0 ,"$2,750,000 ",$0 ,"$7,298,958 ",,58,Erik Chinander,Nebraska,"$773,333 ",Big Ten,"$800,000 ","$26,667 ","$773,333 ","$26,667 ",—,,58,Aaron Ausmus,Southern California,—,Pac-12,—,—,—,—,—,,LA Tech,5/5/2000,50.00%,-8,-3.4
59,Jedd Fisch,Arizona," $2,683,449 ",Pac-12,"$2,300,000 ","$16,551*","$2,283,449 ","$16,551*","$6,695,000 ",,59,Andy Avalos,Oregon,"$762,365 ",Pac-12,"$815,000 ","$52,635 ","$762,365 ","$88,677 ",—,,59,Brandon Hourigan,Wake Forest,—,ACC,—,—,—,—,—,,San Diego St,4/4/2000,50.00%,6.9,3.2
60,Brian Kelly,Notre Dame," $2,670,213 ",INDEP,"$2,670,213 ",—,"$2,670,213 ",—,—,,60,Dwayne Ledford,Louisville,"$750,000 ",ACC,"$750,000 ",$0 ,"$750,000 ",$0 ,—,,60,James Dobson,Vanderbilt,—,SEC,—,—,—,—,—,,Mississippi,5/5/2000,50.00%,0.9,2.5
61,Mike Locksley,Maryland," $2,538,100 ",Big Ten,"$2,715,100 ","$177,000*","$2,538,100 ","$265,500*","$6,138,426 ",,61,Bryan Brown,Louisville,"$750,000 ",ACC,"$750,000 ",$0 ,"$750,000 ",$0 ,—,,61,Dwight Galt,Penn State,—,Big Ten,—,—,—,—,—,,Air Force,3/3/2000,50.00%,9.3,7.3
62,Jonathan Smith,Oregon State," $2,444,000 ",Pac-12,"$2,500,000 ","$56,000*","$2,444,000 ","$168,000*","$5,812,500 ",,62,Joe Rudolph,Wisconsin,"$739,477 ",Big Ten,"$820,200 ","$81,023 ","$739,177 ","$81,023 ",—,,62,Ben Hilgart,Virginia Tech,—,ACC,"$280,000 ",—,—,—,—,,Fresno St,3/3/2000,50.00%,2.8,-2.3
63,Gus Malzahn,Central Florida," $2,320,000 ",AAC,"$2,320,000 ",$0*,"$2,320,000 ",$0*,"$10,350,000 ",,63,Chris Ash,Texas,"$735,104 ",Big 12,"$800,000 ","$64,896 ","$735,104 ","$111,250 ",—,,63,Phil Matusz,Boston College,—,ACC,—,—,—,—,—,,LSU,5/5/2000,50.00%,-2.9,-1.4
64,Ken Niumatalolo,Navy," $2,316,000 ",AAC,"$2,316,000 ",—,"$2,316,000 ",—,—,,64,Chad Morris,Auburn,"$735,000 ",SEC,"$735,000 ",$0 ,"$735,000 ",$0 ,—,,64,Jay Hooten,Northwestern,—,Big Ten,—,—,—,—,—,,Arizona St,2/2/2000,50.00%,17,15.4
65,Jeff Scott,South Florida," $2,220,000 ",AAC,"$2,400,000 ","$180,000*","$2,220,000 ","$247,500*",—,,65,Peter Sirmon,California,"$728,334 ",Pac-12,"$750,000 ","$21,666 ","$728,334 ","$21,666 ",—,,65,Sean Edinger,Syracuse,—,ACC,—,—,—,—,—,,Missouri,5/5/2000,50.00%,-5.6,0.5
66,Rod Carey,Temple," $2,099,908 ",AAC,"$2,099,908 ",—,"$2,099,908 ",—,—,,66,Jeff Banks,Alabama,"$725,000 ",SEC,"$725,000 ",$0 ,"$725,000 ",$0 ,—,,,,,,,,,,,,,Central Mich,3/3/2000,50.00%,1.2,1.8
67,Billy Napier,UL Lafayette," $2,000,000 ",S-Belt,"$2,000,000 ",$0 ,"$2,000,000 ",$0 ,"$4,900,000 ",,67,Ed Warinner,Michigan,"$725,000 ",Big Ten,"$725,000 ",$0 ,"$725,000 ",$0 ,—,,,,,,,,,,,,,Tulane,6/6/2000,50.00%,6.6,6.7
68,Willie Fritz,Tulane," $1,939,000 ",AAC,"$1,939,000 ",—,"$1,939,000 ",—,—,,68,Dameyune Craig,Texas A&M,"$700,000 ",SEC,"$700,000 ",$0 ,"$700,000 ",$0 ,—,,,,,,,,,,,,,Troy,5/6/2000,45.50%,1.6,0.2
69,Seth Littrell,North Texas," $1,900,000 ",CUSA,"$1,900,000 ",$0*,"$1,900,000 ",$0*,"$2,925,000 ",,69,Freddie Roach,Alabama,"$700,000 ",SEC,"$700,000 ",$0 ,"$700,000 ",$0 ,—,,,,,,,,,,,,,VA Tech,5/6/2000,45.50%,-1,-5.4
70,Philip Montgomery,Tulsa," $1,798,643 ",AAC,"$1,798,643 ",—,"$1,798,643 ",—,—,,70,Antonio Pierce,Arizona State,"$700,000 ",Pac-12,"$700,000 ",$0 ,"$700,000 ",$0 ,—,,,,,,,,,,,,,Kentucky,5/6/2000,45.50%,-4.1,-0.4
71,Bill Clark,UAB," $1,653,000 ",CUSA,"$1,550,000 ",$0 ,"$1,550,000 ",$0 ,"$7,591,667 ",,71,Jay Boulware,Texas,"$700,000 ",Big 12,"$700,000 ",$0 ,"$700,000 ",$0 ,—,,,,,,,,,,,,,Wake Forest,4/5/2000,44.40%,3.2,5.2
72,Ryan Silverfield,Memphis," $1,623,331 ",AAC,"$1,800,000 ","$176,669*","$1,623,331 ","$235,559*","$4,710,000 ",,72,Jerry Azzinaro,UCLA,"$700,000 ",Pac-12,"$700,000 ",$0 ,"$700,000 ",$0 ,—,,,,,,,,,,,,,Penn State,4/5/2000,44.40%,2.1,-5.7
73,Craig Bohl,Wyoming," $1,594,508 ",MWC,"$1,612,000 ","$17,492*","$1,594,508 ","$69,960*","$5,079,408 ",,73,Justin Frye,UCLA,"$700,000 ",Pac-12,"$700,000 ",$0 ,"$700,000 ",$0 ,—,,,,,,,,,,,,,Minnesota,3/4/2000,42.90%,-2.9,-2.6
74,Steve Addazio,Colorado State," $1,550,000 ",MWC,"$1,550,000 ",$0 ,"$1,550,000 ",$0 ,"$5,000,000 ",,74,Mike Tressel,Michigan State,"$695,748 ",Big Ten,"$723,000 ","$27,252 ","$695,748 ","$46,717 ",—,,,,,,,,,,,,,UCLA,3/4/2000,42.90%,4.7,5.8
75,Mike Houston,East Carolina," $1,535,667 ",AAC,"$1,593,000 ","$58,333 ","$1,534,667 ","$93,210 ","$1,000,000 ",,75,D.J. Eliot,Kansas,"$691,056 ",Big 12,"$700,000 ","$8,944 ","$691,056 ","$80,500 ",—,,,,,,,,,,,,,W Kentucky,5/7/2000,41.70%,-6.3,-4.3
76,Brent Brennan,San Jose State," $1,500,000 ",MWC,"$1,500,000 ",$0 ,"$1,500,000 ",$0 ,"$5,725,000 ",,76,Greg Studrawa,Ohio State,"$688,333 ",Big Ten,"$700,000 ","$11,667 ","$688,333 ","$26,250 ",—,,,,,,,,,,,,,Rice,2/3/2000,40.00%,4.6,10.4
77,Andy Avalos,Boise State," $1,500,000 ",MWC,"$1,500,000 ",$0 ,"$1,500,000 ",$0 ,"$5,109,808 ",,77,Scott Huff,Washington,"$687,758 ",Pac-12,"$700,008 ","$12,250 ","$687,758 ","$21,000 ",—,,,,,,,,,,,,,Kansas St,4/6/2000,40.00%,-5.6,-0.6
78,Marcus Arroyo,UNLV," $1,500,000 ",MWC,"$1,500,000 ",$0 ,"$1,500,000 ",$0 ,"$3,618,750 ",,78,Eric Wolford,South Carolina,"$684,600 ",SEC,"$700,000 ","$15,400 ","$684,600 ","$30,800 ",—,,,,,,,,,,,,,North Texas,4/6/2000,40.00%,-8.4,-7.5
79,Kalen DeBoer,Fresno State," $1,350,000 ",MWC,"$1,350,000 ",$0 ,"$1,350,000 ",$0 ,"$3,450,000 ",,79,DJ Durkin,Mississippi,"$682,500 ",SEC,"$700,000 ","$17,500 ","$682,500 ","$17,500 ",—,,,,,,,,,,,,,Texas Tech,4/6/2000,40.00%,-7.6,-7.3
80,Sonny Dykes,Southern Methodist," $1,307,094 ",AAC,"$1,307,094 ",—,"$1,307,094 ",—,—,,80,Jeff Lebby,Mississippi,"$682,500 ",SEC,"$700,000 ","$17,500 ","$682,500 ","$17,500 ",—,,,,,,,,,,,,,Maryland,2/3/2000,40.00%,-8.4,4.9
81,Randy Edsall,Connecticut," $1,256,000 ",INDEP,"$1,256,000 ",$0*,"$1,256,000 ",$0*,—,,81,Dell McGee,Georgia,"$676,500 ",SEC,"$675,000 ",$0 ,"$675,000 ",$0 ,—,,,,,,,,,,,,,TX El Paso,3/5/2000,37.50%,-8,3.6
82,Jason Candle,Toledo," $1,177,350 ",MAC,"$1,200,000 ","$25,000*","$1,175,000 ","$75,000*","$1,458,333 ",,82,Vic Koenning,West Virginia,"$676,000 ",Big 12,"$676,000 ",$0 ,"$676,000 ",$0 ,—,,,,,,,,,,,,,Nebraska,3/5/2000,37.50%,-6.2,-4.2
83,Hugh Freeze,Liberty," $1,138,306 ",INDEP,"$1,138,306 ",—,"$1,138,306 ",—,—,,83,Sal Sunseri,Alabama,"$675,000 ",SEC,"$675,000 ",$0 ,"$675,000 ",$0 ,—,,,,,,,,,,,,,Houston,3/5/2000,37.50%,-2,-5.8
84,Butch Davis,Florida International," $1,093,956 ",CUSA,"$1,093,956 ",$0 ,"$1,093,956 ",$0 ,"$45,582 ",,84,Robb Smith,Rutgers,"$675,000 ",Big Ten,"$675,000 ",$0 ,"$675,000 ",$0 ,—,,,,,,,,,,,,,Arkansas St,4/7/2000,36.40%,-4.3,-4.2
85,Brady Hoke,San Diego State," $1,050,000 ",MWC,"$1,050,000 ",$0 ,"$1,050,000 ",$0 ,"$5,312,500 ",,85,Chris Kapilovic,Michigan State,"$671,417 ",Big Ten,"$700,000 ","$28,583 ","$671,417 ","$49,000 ",—,,,,,,,,,,,,,Louisville,4/7/2000,36.40%,2.9,1.7
86,Blake Anderson,Utah State," $1,000,000 ",MWC,"$1,000,000 ",$0*,"$1,000,000 ",$0*,"$3,250,000 ",,86,Brian Lindgren,Oregon State,"$667,994 ",Pac-12,"$700,008 ","$32,014 ","$667,994 ","$48,021 ",—,,,,,,,,,,,,,Miss State,4/7/2000,36.40%,-6.7,-1.5
87,Mike Bloomgren,Rice," $934,171 ",CUSA,"$934,171 ",—,"$934,171 ",—,—,,87,Paul Rhoads,Arizona,"$667,917 ",Pac-12,"$750,000 ","$82,083 ","$667,917 ","$82,083 ",—,,,,,,,,,,,,,S Alabama,4/7/2000,36.40%,-7.4,-1.7
88,Rick Stockstill,Middle Tennessee," $910,504 ",CUSA,"$901,504 ",$0 ,"$901,504 ",$0 ,"$4,998,699 ",,88,Tony Gibson,NC State,"$662,083 ",ACC,"$700,000 ","$37,917 ","$662,083 ","$96,250 ",—,,,,,,,,,,,,,Middle Tenn,3/6/2000,33.30%,-12.6,-5.9
89,Jamey Chadwell,Coastal Carolina," $871,250 ",S-Belt,"$871,250 ",$0*,"$871,250 ","$13,410*","$2,650,052 ",,89,Jon Sumrall,Kentucky,"$650,900 ",SEC,"$650,000 ",$0 ,"$650,000 ",$0 ,—,,,,,,,,,,,,,E Michigan,2/4/2000,33.30%,-2.8,2.8
90,Jim McElwain,Central Michigan," $840,000 ",MAC,"$840,000 ",$0*,"$840,000 ","$6,000*","$2,000,000 ",,90,Jimmy Brumbaugh,Tennessee,"$650,000 ",SEC,"$650,000 ",$0 ,"$650,000 ",$0 ,—,,,,,,,,,,,,,Florida St,3/6/2000,33.30%,-10.2,-7.7
91,Jeff Traylor,Texas-San Antonio," $830,000 ",CUSA,"$830,000 ",$0*,"$830,000 ","$57,500*","$2,867,183 ",,91,Bill Musgrave,California,"$650,000 ",Pac-12,"$650,000 ",$0 ,"$650,000 ",$0 ,—,,,,,,,,,,,,,Michigan,2/4/2000,33.30%,-6.2,-11.9
92,Butch Jones,Arkansas State," $825,000 ",S-Belt,"$825,000 ",$0 ,"$825,000 ",$0 ,"$2,041,667 ",,92,Kyle Flood,Alabama,"$650,000 ",SEC,"$650,000 ",$0 ,"$650,000 ",$0 ,—,,,,,,,,,,,,,Purdue,2/4/2000,33.30%,-2.7,-5.8
93,Todd Graham,Hawaii," $800,000 ",MWC,"$800,000 ",$0*,"$800,000 ",$0*,"$1,310,429 ",,93,Stanley Drayton,Texas,"$650,000 ",Big 12,"$650,000 ",$0 ,"$650,000 ",$0 ,—,,,,,,,,,,,,,E Carolina,3/6/2000,33.30%,-5.2,4.6
94,Will Hall,Southern Mississippi," $800,000 ",CUSA,"$800,000 ",$0 ,"$800,000 ",$0 ,"$2,466,667 ",,94,Rodney Garner,Auburn,"$650,000 ",SEC,"$650,000 ",$0 ,"$650,000 ",$0 ,—,,,,,,,,,,,,,Wyoming,2/4/2000,33.30%,5.5,1.2
95,Jake Spavital,Texas State," $800,000 ",S-Belt,"$800,000 ",$0 ,"$800,000 ",$0 ,"$796,712 ",,95,Jon Hoke,Maryland,"$645,525 ",Big Ten,"$679,500 ","$33,975 ","$645,525 ","$69,200 ",—,,,,,,,,,,,,,Rutgers,3/6/2000,33.30%,-5.4,5.6
96,Will Healy,Charlotte," $793,901 ",CUSA,"$805,000 ","$11,099*","$793,901 ","$19,423*","$2,104,167 ",,96,James Cregg,Louisiana State,"$644,125 ",SEC,"$650,000 ","$8,125 ","$641,875 ","$34,375 ",—,,,,,,,,,,,,,Charlotte,2/4/2000,33.30%,-5.5,-4.1
97,Shawn Elliott,Georgia State," $779,000 ",S-Belt,"$779,000 ",$0 ,"$779,000 ",$0 ,"$1,500,000 ",,97,Herb Hand,Texas,"$643,854 ",Big 12,"$700,000 ","$56,146 ","$643,854 ","$96,250 ",—,,,,,,,,,,,,,S Mississippi,3/7/2000,30.00%,-7,-6
98,Skip Holtz,Louisiana Tech," $779,000 ",CUSA,"$775,000 ",$0 ,"$775,000 ",$0 ,"$3,002,083 ",,98,Tim Beck,NC State,"$638,750 ",ACC,"$700,000 ","$61,250 ","$638,750 ","$96,250 ",—,,,,,,,,,,,,,Navy,3/7/2000,30.00%,-13.7,-7.7
99,Shawn Clark,Appalachian State," $775,000 ",S-Belt,"$775,000 ",$0*,"$775,000 ",$0*,"$3,000,000 ",,99,Billy Gonzales,Florida,"$631,500 ",SEC,"$631,500 ",$0 ,"$631,500 ",$0 ,—,,,,,,,,,,,,,Arkansas,3/7/2000,30.00%,-9.2,3.4
100,Willie Taggart,Florida Atlantic," $775,000 ",CUSA,"$775,000 ",$0*,"$775,000 ",$0*,"$2,250,000 ",,100,John Hevesy,Florida,"$631,500 ",SEC,"$631,500 ",$0 ,"$631,500 ",$0 ,—,,,,,,,,,,,,,GA Tech,3/7/2000,30.00%,-12.9,-4.2
101,Ricky Rahne,Old Dominion," $762,296 ",CUSA,"$762,296 ",$0 ,"$762,296 ",$0 ,"$2,334,532 ",,101,Brad Davis,Arkansas,"$625,000 ",SEC,"$650,000 ","$25,000 ","$625,000 ","$45,833 ",—,,,,,,,,,,,,,Tennessee,3/7/2000,30.00%,-8.6,-4.8
102,Charles Huff,Marshall," $755,500 ",CUSA,"$755,500 ",$0 ,"$755,500 ",$0 ,"$2,392,417 ",,102,Ken O'Keefe,Iowa,"$616,500 ",Big Ten,"$685,000 ","$68,500 ","$616,500 ","$68,500 ",—,,,,,,,,,,,,,New Mexico,2/5/2000,28.60%,-8.7,2.4
103,Tyson Helton,Western Kentucky," $751,470 ",CUSA,"$800,004 ","$53,334*","$746,670 ","$153,334*","$600,000 ",,103,Kenny Dillingham,Florida State,"$615,625 ",ACC,"$625,000 ","$9,375 ","$615,625 ","$18,750 ",—,,,,,,,,,,,,,Michigan St,2/5/2000,28.60%,-17.1,-6.4
104,Chip Lindsey,Troy," $750,000 ",S-Belt,"$750,000 ",$0 ,"$750,000 ",$0 ,"$670,000 ",,104,Robbie Caldwell,Clemson,"$610,500 ",ACC,"$640,000 ","$32,000 ","$608,000 ","$64,000 ",—,,,,,,,,,,,,,Oregon St,2/5/2000,28.60%,-4.4,2.5
105,Dana Dimel,Texas El Paso," $748,966 ",CUSA,"$786,999 ","$41,533*","$745,466 ","$71,200*","$830,666 ",,105,Brick Haley,Missouri,"$609,375 ",SEC,"$625,000 ","$15,625 ","$609,375 ","$15,625 ",—,,,,,,,,,,,,,Wash State,1/3/2000,25.00%,-11.5,-2.5
106,Tim Lester,Western Michigan," $709,700 ",MAC,"$800,000 ","$100,000*","$700,000 ","$200,000*","$400,000 ",,106,Chris Partridge,Mississippi,"$609,375 ",SEC,"$625,000 ","$15,625 ","$609,375 ","$15,625 ",—,,,,,,,,,,,,,Illinois,2/6/2000,25.00%,-14.8,-1.9
107,Kane Wommack,South Alabama," $700,000 ",S-Belt,"$700,000 ",$0 ,"$700,000 ",$0 ,"$2,151,563 ",,107,Robert Anae,Virginia,"$608,021 ",ACC,"$650,000 ","$41,979 ","$608,021 ","$41,979 ",—,,,,,,,,,,,,,Colorado St,1/3/2000,25.00%,-13.5,-8
108,Danny Gonzales,New Mexico," $700,000 ",MWC,"$700,000 ",$0 ,"$700,000 ",$0 ,"$1,600,000 ",,108,Joe Salave'a,Oregon,"$608,021 ",Pac-12,"$650,000 ","$41,979 ","$608,021 ","$41,979 ",—,,,,,,,,,,,,,California,1/3/2000,25.00%,-6.2,-5.1
109,Chad Lunsford,Georgia Southern," $680,000 ",S-Belt,"$680,000 ",$0*,"$680,000 ",$0*,—,,109,Nick Howell,Virginia,"$608,021 ",ACC,"$650,000 ","$41,979 ","$608,021 ","$41,979 ",—,,,,,,,,,,,,,Baylor,2/7/2000,22.20%,-5.9,-2.1
110,Maurice Linguist,Buffalo," $675,000 ",MAC,"$675,000 ",$0 ,"$675,000 ",$0 ,"$1,939,583 ",,110,Tony Alford,Ohio State,"$607,700 ",Big Ten,"$618,000 ","$10,300 ","$607,700 ","$10,300 ",—,,,,,,,,,,,,,S Carolina,2/8/2000,20.00%,-12.5,-5.3
111,Thomas Hammock,Northern Illinois," $630,609 ",MAC,"$630,609 ",$0*,"$630,609 ","$52,020*","$1,408,308 ",,111,Glenn Schumann,Georgia,"$604,500 ",SEC,"$600,000 ",$0 ,"$600,000 ",$0 ,—,,,,,,,,,,,,,Duke,2/9/2000,18.20%,-13.3,-8.7
112,Walt Bell,Massachusetts," $628,750 ",INDEP,"$660,000 ","$31,250*","$628,750 ","$62,500*","$939,212 ",,112,Tray Scott,Georgia,"$602,500 ",SEC,"$600,000 ",$0 ,"$600,000 ",$0 ,—,,,,,,,,,,,,,Texas State,2/10/2000,16.70%,-10.5,1.9
113,Jay Norvell,Nevada," $619,250 ",MWC,"$625,000 ","$5,750*","$619,250 ","$6,900*","$1,979,167 ",,113,Charlton Warren,Georgia,"$601,500 ",SEC,"$600,000 ",$0 ,"$600,000 ",$0 ,—,,,,,,,,,,,,,Utah State,1/5/2000,16.70%,-19.7,-7.5
114,Chuck Martin,Miami (Ohio)," $541,667 ",MAC,"$560,000 ","$18,333*","$541,667 ","$55,000*","$1,250,000 ",,114,Brent Key,Georgia Tech,"$600,000 ",ACC,"$600,000 ",$0 ,"$600,000 ",$0 ,—,,,,,,,,,,,,,Akron,1/5/2000,16.70%,-24.2,-4.6
115,Tim Albin,Ohio," $535,000 ",MAC,"$535,000 ",$0 ,"$535,000 ",$0 ,"$579,583 ",,115,Zak Hill,Arizona State,"$600,000 ",Pac-12,"$600,000 ",$0 ,"$600,000 ",$0 ,—,,,,,,,,,,,,,Temple,1/6/2000,14.30%,-17.3,-9.4
116,Mike Neu,Ball State," $534,867 ",MAC,"$550,000 ","$20,133*","$529,867 ","$45,300*","$1,100,000 ",,116,Josh Henson,Texas A&M,"$600,000 ",SEC,"$600,000 ",$0 ,"$600,000 ",$0 ,—,,,,,,,,,,,,,S Florida,1/8/2000,11.10%,-16.8,-5.2
117,Chris Creighton,Eastern Michigan," $515,000 ",MAC,"$515,000 ",$0*,"$515,000 ","$21,117*","$1,000,000 ",,117,Marvin Lewis,Arizona State,"$600,000 ",Pac-12,"$600,000 ",$0 ,"$600,000 ",$0 ,—,,,,,,,,,,,,,Syracuse,1/10/2000,9.10%,-14.9,3.7
118,Sean Lewis,Kent State," $510,000 ",MAC,"$510,000 ",$0*,"$510,000 ",$0*,"$2,245,000 ",,118,Zach Arnett,Mississippi State,"$600,000 ",SEC,"$600,000 ",$0 ,"$600,000 ",$0 ,—,,,,,,,,,,,,,Bowling Grn,0-5-0,0.00%,-33.6,-13.3
119,Tom Arth,Akron," $496,083 ",MAC,"$500,000 ","$3,917*","$496,083 ","$47,000*","$648,853 ",,119,Jim Harding,Utah,"$600,000 ",Pac-12,"$600,000 ",$0 ,"$600,000 ",$0 ,—,,,,,,,,,,,,,U Mass,0-4-0,0.00%,-37.2,-1.5
120,Scot Loeffler,Bowling Green," $475,000 ",MAC,"$525,000 ","$50,000*","$475,000 ","$100,000*","$1,050,000 ",,120,Bob Diaco,Purdue,"$593,750 ",Big Ten,"$625,000 ","$31,250 ","$593,750 ","$93,750 ",—,,,,,,,,,,,,,N Illinois,0-6-0,0.00%,-13.8,-2.3
121,Doug Martin,New Mexico State," $437,000 ",INDEP,"$437,000 ",$0 ,"$437,000 ",$0 ,"$254,917 ",,121,Joseph Rossi,Minnesota,"$586,538 ",Big Ten,"$625,000 ","$38,462 ","$586,538 ","$62,500 ",—,,,,,,,,,,,,,LA Monroe,0-10-0,0.00%,-25.7,-9.4
122,Terry Bowden,UL Monroe," $430,000 ",S-Belt,"$430,000 ",$0*,"$430,000 ",$0*,"$175,000 ",,122,Mike Sanford Jr.,Minnesota,"$586,538 ",Big Ten,"$625,000 ","$38,462 ","$586,538 ","$62,500 ",—,,,,,,,,,,,,,UNLV,0-6-0,0.00%,-20.7,-5.4
123,Jeff Monken,Army, $- ,INDEP,—,—,—,—,—,,123,Courtney Messingham,Kansas State,"$580,729 ",Big 12,"$625,000 ","$44,271 ","$580,729 ","$62,500 ",—,,,,,,,,,,,,,Florida Intl,0-5-0,0.00%,-10,-8
124,James Franklin,Penn State, $- ,Big Ten,"$7,000,000 ",—,—,—,—,,124,Cale Gundy,Oklahoma,"$580,000 ",Big 12,"$580,000 ",$0 ,"$580,000 ",$0 ,—,,,,,,,,,,,,,Arizona,0-5-0,0.00%,-22.4,-12.1
125,Kalani Sitake,Brigham Young, $- ,INDEP,—,—,—,—,—,,125,David Yost,Texas Tech,"$577,708 ",Big 12,"$600,000 ","$22,292 ","$577,708 ","$53,500 ",—,,,,,,,,,,,,,Vanderbilt,0-9-0,0.00%,-22.6,-2.7
126,Manny Diaz,Miami, $- ,ACC,—,—,—,—,—,,126,Keith Patterson,Texas Tech,"$577,708 ",Big 12,"$600,000 ","$22,292 ","$577,708 ","$53,500 ",—,,,,,,,,,,,,,Kansas,0-9-0,0.00%,-30.2,-9.4
127,Jeff Hafley,Boston College, $- ,ACC,—,—,—,—,—,,127,Francis Brown,Rutgers,"$575,000 ",Big Ten,"$575,000 ",$0 ,"$575,000 ",$0 ,—,,,,,,,,,,,,,,,,,
128,Troy Calhoun,Air Force, $- ,MWC,—,—,—,—,—,,128,Tim Tibesar,Oregon State,"$574,200 ",Pac-12,"$600,000 ","$25,800 ","$574,200 ","$39,238 ",—,,,,,,,,,,,,,,,,,
129,Dave Aranda,Baylor, $- ,Big 12,—,—,—,—,—,,129,Jay Graham,Tennessee,"$571,042 ",SEC,"$575,000 ","$3,958 ","$571,042 ","$15,833 ",—,,,,,,,,,,,,,,,,,
130,Clark Lea,Vanderbilt, $- ,SEC,—,—,—,—,—,,130,Corey Raymond,Louisiana State,"$570,062 ",SEC,"$575,000 ","$7,188 ","$567,812 ","$29,688 ",—,,,,,,,,,,,,,,,,,
,,,,,,,,,,,131,Bob Gregory,Washington,"$564,941 ",Pac-12,"$575,004 ","$10,063 ","$564,941 ","$17,250 ",—,,,,,,,,,,,,,,,,,
,,,,,,,,,,,132,Bill Johnson,Louisiana State,"$564,625 ",SEC,"$571,500 ","$6,875 ","$564,625 ","$27,500 ",—,,,,,,,,,,,,,,,,,
,,,,,,,,,,,133,Jake Dickert,Washington State,"$563,750 ",Pac-12,"$615,000 ","$51,250 ","$563,750 ","$51,250 ",—,,,,,,,,,,,,,,,,,
,,,,,,,,,,,134,Brandon Streeter,Clemson,"$563,000 ",ACC,"$590,000 ","$29,500 ","$560,500 ","$59,000 ",—,,,,,,,,,,,,,,,,,
,,,,,,,,,,,135,John Papuchis,Florida State,"$561,750 ",ACC,"$570,000 ","$8,250 ","$561,750 ","$16,500 ",—,,,,,,,,,,,,,,,,,
,,,,,,,,,,,136,Keith Heyward,Oregon,"$561,250 ",Pac-12,"$600,000 ","$38,750 ","$561,250 ","$38,750 ",—,,,,,,,,,,,,,,,,,
,,,,,,,,,,,137,Cortez Hankton,Georgia,"$554,500 ",SEC,"$550,000 ",$0 ,"$550,000 ",$0 ,—,,,,,,,,,,,,,,,,,
,,,,,,,,,,,138,Coleman Hutzler,Texas,"$552,604 ",Big 12,"$600,000 ","$47,396 ","$552,604 ","$81,250 ",—,,,,,,,,,,,,,,,,,
,,,,,,,,,,,139,Brian Johnson,Florida,"$551,500 ",SEC,"$551,500 ",$0 ,"$551,500 ",$0 ,—,,,,,,,,,,,,,,,,,
,,,,,,,,,,,140,Scott Cochran,Georgia,"$550,000 ",SEC,"$550,000 ",$0 ,"$550,000 ",$0 ,—,,,,,,,,,,,,,,,,,
,,,,,,,,,,,141,Joe Bob Clements,Oklahoma State,"$550,000 ",Big 12,"$550,000 ",$0 ,"$550,000 ",$0 ,—,,,,,,,,,,,,,,,,,
,,,,,,,,,,,142,Charles Huff,Alabama,"$550,000 ",SEC,"$550,000 ",$0 ,"$550,000 ",$0 ,—,,,,,,,,,,,,,,,,,
,,,,,,,,,,,143,Karl Scott,Alabama,"$550,000 ",SEC,"$550,000 ",$0 ,"$550,000 ",$0 ,—,,,,,,,,,,,,,,,,,
,,,,,,,,,,,144,Charlie Dickey,Oklahoma State,"$550,000 ",Big 12,"$550,000 ",$0 ,"$550,000 ",$0 ,—,,,,,,,,,,,,,,,,,
,,,,,,,,,,,145,Brian Smith,Washington State,"$545,417 ",Pac-12,"$595,000 ","$49,583 ","$545,417 ","$49,583 ",—,,,,,,,,,,,,,,,,,
,,,,,,,,,,,146,Brian Hartline,Ohio State,"$540,833 ",Big Ten,"$550,000 ","$9,167 ","$540,833 ","$20,625 ",—,,,,,,,,,,,,,,,,,
,,,,,,,,,,,147,Odell Haggins,Florida State,"$540,375 ",ACC,"$550,000 ","$9,625 ","$540,375 ","$16,500 ",—,,,,,,,,,,,,,,,,,
,,,,,,,,,,,148,Shane Beamer,Oklahoma,"$540,000 ",Big 12,"$540,000 ",$0 ,"$540,000 ",$0 ,—,,,,,,,,,,,,,,,,,
,,,,,,,,,,,149,Curtis Luper,Missouri,"$536,250 ",SEC,"$550,000 ","$13,750 ","$536,250 ","$13,750 ",—,,,,,,,,,,,,,,,,,
,,,,,,,,,,,150,Noel Mazzone,Arizona,"$535,000 ",Pac-12,"$600,000 ","$65,000 ","$535,000 ","$65,000 ",—,,,,,,,,,,,,,,,,,
,,,,,,,,,,,151,Gerad Parker,West Virginia,"$533,500 ",Big 12,"$551,000 ","$17,500 ","$533,500 ","$26,667 ",—,,,,,,,,,,,,,,,,,
,,,,,,,,,,,152,Terry Price,Texas A&M,"$533,333 ",SEC,"$533,333 ",$0 ,"$533,333 ",$0 ,—,,,,,,,,,,,,,,,,,
,,,,,,,,,,,153,Darrin Chiaverini,Colorado,"$533,012 ",Pac-12,"$550,000 ","$17,188 ","$532,812 ","$27,500 ",—,,,,,,,,,,,,,,,,,
,,,,,,,,,,,154,Ron Burton,Michigan State,"$531,675 ",Big Ten,"$552,500 ","$20,825 ","$531,675 ","$35,700 ",—,,,,,,,,,,,,,,,,,
,,,,,,,,,,,155,Morgan Scalley,Utah,"$525,000 ",Pac-12,"$525,000 ",$0 ,"$525,000 ",$0 ,—,,,,,,,,,,,,,,,,,
,,,,,,,,,,,156,Mike Reed,Clemson,"$520,250 ",ACC,"$545,000 ","$27,250 ","$517,750 ","$54,500 ",—,,,,,,,,,,,,,,,,,
,,,,,,,,,,,157,Alex Atkins,Florida State,"$520,000 ",ACC,"$520,000 ",$0 ,"$520,000 ",$0 ,—,,,,,,,,,,,,,,,,,
,,,,,,,,,,,158,Chris Marve,Florida State,"$520,000 ",ACC,"$520,000 ",$0 ,"$520,000 ",$0 ,—,,,,,,,,,,,,,,,,,
,,,,,,,,,,,159,Chris Thomsen,Florida State,"$520,000 ",ACC,"$520,000 ",$0 ,"$520,000 ",$0 ,—,,,,,,,,,,,,,,,,,
,,,,,,,,,,,160,Danny Pearman,Clemson,"$519,750 ",ACC,"$545,000 ","$27,250 ","$517,750 ","$54,500 ",—,,,,,,,,,,,,,,,,,
,,,,,,,,,,,161,Ikaika Malloe,Washington,"$515,824 ",Pac-12,"$525,012 ","$9,188 ","$515,824 ","$16,813 ",—,,,,,,,,,,,,,,,,,
,,,,,,,,,,,162,T.J. Rushing,Texas A&M,"$514,961 ",SEC,"$513,461 ",$0 ,"$513,461 ",$0 ,—,,,,,,,,,,,,,,,,,
,,,,,,,,,,,163,Dennis Simmons,Oklahoma,"$510,000 ",Big 12,"$510,000 ",$0 ,"$510,000 ",$0 ,—,,,,,,,,,,,,,,,,,
,,,,,,,,,,,164,Al Washington,Ohio State,"$507,017 ",Big Ten,"$515,000 ","$8,583 ","$506,417 ","$8,583 ",—,,,,,,,,,,,,,,,,,
,,,,,,,,,,,165,Mark Hagen,Texas,"$506,979 ",Big 12,"$550,000 ","$43,021 ","$506,979 ","$73,750 ",—,,,,,,,,,,,,,,,,,
,,,,,,,,,,,166,Tracy Rocker,South Carolina,"$504,787 ",SEC,"$525,000 ","$20,213 ","$504,787 ","$40,425 ",—,,,,,,,,,,,,,,,,,
,,,,,,,,,,,167,Tommy Thigpen,North Carolina,"$504,167 ",ACC,"$550,000 ","$45,833 ","$504,167 ","$82,500 ",—,,,,,,,,,,,,,,,,,
,,,,,,,,,,,168,Seth Wallace,Iowa,"$504,000 ",Big Ten,"$560,000 ","$56,000 ","$504,000 ","$56,000 ",—,,,,,,,,,,,,,,,,,
,,,,,,,,,,,169,Steven Clinkscale,Kentucky,"$501,900 ",SEC,"$500,000 ",$0 ,"$500,000 ",$0 ,—,,,,,,,,,,,,,,,,,
,,,,,,,,,,,170,Darin Hinshaw,Kentucky,"$500,900 ",SEC,"$500,000 ",$0 ,"$500,000 ",$0 ,—,,,,,,,,,,,,,,,,,
,,,,,,,,,,,171,Brian Norwood,UCLA,"$500,000 ",Pac-12,"$500,000 ",$0 ,"$500,000 ",$0 ,—,,,,,,,,,,,,,,,,,
,,,,,,,,,,,172,Larry Porter,Auburn,"$500,000 ",SEC,"$500,000 ",$0 ,"$500,000 ",$0 ,—,,,,,,,,,,,,,,,,,
,,,,,,,,,,,173,Tony Hughes,Mississippi State,"$500,000 ",SEC,"$500,000 ",$0 ,"$500,000 ",$0 ,—,,,,,,,,,,,,,,,,,
,,,,,,,,,,,174,Jack Bicknell Jr.,Auburn,"$500,000 ",SEC,"$500,000 ",$0 ,"$500,000 ",$0 ,—,,,,,,,,,,,,,,,,,
,,,,,,,,,,,175,Randy Bates,Pittsburgh,"$497,282 ",ACC,—,—,—,—,—,,,,,,,,,,,,,,,,,
,,,,,,,,,,,176,Greg Knox,Florida,"$496,500 ",SEC,"$496,500 ",$0 ,"$496,500 ",$0 ,—,,,,,,,,,,,,,,,,,
,,,,,,,,,,,177,Tim Brewster,Florida,"$496,500 ",SEC,"$496,500 ",$0 ,"$496,500 ",$0 ,—,,,,,,,,,,,,,,,,,
,,,,,,,,,,,178,Tommie Robinson,Texas A&M,"$495,770 ",SEC,"$493,270 ",$0 ,"$493,270 ",$0 ,—,,,,,,,,,,,,,,,,,
,,,,,,,,,,,179,Mason Miller,Mississippi State,"$495,000 ",SEC,"$495,000 ",$0 ,"$495,000 ",$0 ,—,,,,,,,,,,,,,,,,,
,,,,,,,,,,,180,Keynodo Hudson,Illinois,"$494,375 ",Big Ten,"$500,000 ","$5,625 ","$494,375 ","$33,750 ",—,,,,,,,,,,,,,,,,,
,,,,,,,,,,,181,Todd Bates,Clemson,"$491,750 ",ACC,"$515,000 ","$25,750 ","$489,250 ","$51,500 ",—,,,,,,,,,,,,,,,,,
,,,,,,,,,,,182,John Schlarman,Kentucky,"$490,000 ",SEC,"$490,000 ",$0 ,"$490,000 ",$0 ,—,,,,,,,,,,,,,,,,,
,,,,,,,,,,,183,Mickey Conn,Clemson,"$489,250 ",ACC,"$515,000 ","$25,750 ","$489,250 ","$51,500 ",—,,,,,,,,,,,,,,,,,
,,,,,,,,,,,184,Randy Clements,Mississippi,"$487,500 ",SEC,"$500,000 ","$12,500 ","$487,500 ","$12,500 ",—,,,,,,,,,,,,,,,,,
,,,,,,,,,,,185,Marcus Johnson,Missouri,"$487,500 ",SEC,"$500,000 ","$12,500 ","$487,500 ","$12,500 ",—,,,,,,,,,,,,,,,,,
,,,,,,,,,,,186,Tyson Summers,Colorado,"$484,575 ",Pac-12,"$500,000 ","$15,625 ","$484,375 ","$25,000 ",—,,,,,,,,,,,,,,,,,
,,,,,,,,,,,187,Matt Lubick,Nebraska,"$483,333 ",Big Ten,"$500,000 ","$16,667 ","$483,333 ","$16,667 ",—,,,,,,,,,,,,,,,,,
,,,,,,,,,,,188,Greg Austin,Nebraska,"$483,333 ",Big Ten,"$500,000 ","$16,667 ","$483,333 ","$16,667 ",—,,,,,,,,,,,,,,,,,
,,,,,,,,,,,189,Derek Jones,Texas Tech,"$482,708 ",Big 12,"$500,000 ","$17,292 ","$482,708 ","$41,500 ",—,,,,,,,,,,,,,,,,,
,,,,,,,,,,,190,Ted Gilmore,Michigan State,"$479,583 ",Big Ten,"$500,000 ","$20,417 ","$479,583 ","$35,000 ",—,,,,,,,,,,,,,,,,,
,,,,,,,,,,,191,Lemanski Hall,Clemson,"$477,500 ",ACC,"$500,000 ","$25,000 ","$475,000 ","$50,000 ",—,,,,,,,,,,,,,,,,,
,,,,,,,,,,,192,David Turner,Florida,"$476,500 ",SEC,"$476,500 ",$0 ,"$476,500 ",$0 ,—,,,,,,,,,,,,,,,,,
,,,,,,,,,,,193,Holmon Wiggins,Alabama,"$475,000 ",SEC,"$475,000 ",$0 ,"$475,000 ",$0 ,—,,,,,,,,,,,,,,,,,
,,,,,,,,,,,194,George McDonald,NC State,"$473,791 ",ACC,"$492,250 ","$18,459 ","$473,791 ","$26,664 ",—,,,,,,,,,,,,,,,,,
,,,,,,,,,,,195,Roy Manning,Oklahoma,"$470,000 ",Big 12,"$470,000 ",$0 ,"$470,000 ",$0 ,—,,,,,,,,,,,,,,,,,
,,,,,,,,,,,196,Stacy Searels,North Carolina,"$463,833 ",ACC,"$506,000 ","$42,167 ","$463,833 ","$75,900 ",—,,,,,,,,,,,,,,,,,
,,,,,,,,,,,197,Harlon Barnett,Michigan State,"$463,200 ",Big Ten,"$480,000 ","$16,800 ","$463,200 ","$28,800 ",—,,,,,,,,,,,,,,,,,
,,,,,,,,,,,198,Joe Jon Finley,Mississippi,"$463,125 ",SEC,"$475,000 ","$11,875 ","$463,125 ","$11,875 ",—,,,,,,,,,,,,,,,,,
,,,,,,,,,,,199,Torrian Gray,Florida,"$461,500 ",SEC,"$461,500 ",$0 ,"$461,500 ",$0 ,—,,,,,,,,,,,,,,,,,
,,,,,,,,,,,200,Anthony Poindexter,Purdue,"$460,000 ",Big Ten,"$460,000 ",$0 ,"$460,000 ",$0 ,—,,,,,,,,,,,,,,,,,
,,,,,,,,,,,201,Ross Els,Michigan State,"$458,375 ",Big Ten,"$475,000 ","$16,625 ","$458,375 ","$28,500 ",—,,,,,,,,,,,,,,,,,
,,,,,,,,,,,202,Jovan Dewitt,North Carolina,"$458,333 ",ACC,"$500,000 ","$41,667 ","$458,333 ","$75,000 ",—,,,,,,,,,,,,,,,,,
,,,,,,,,,,,203,Ron English,Florida,"$451,500 ",SEC,"$451,500 ",$0 ,"$451,500 ",$0 ,—,,,,,,,,,,,,,,,,,
,,,,,,,,,,,204,Bob Shoop,Michigan,"$450,000 ",Big Ten,"$450,000 ",$0 ,"$450,000 ",$0 ,—,,,,,,,,,,,,,,,,,
,,,,,,,,,,,205,Travis Williams,Auburn,"$450,000 ",SEC,"$450,000 ",$0 ,"$450,000 ",$0 ,—,,,,,,,,,,,,,,,,,
,,,,,,,,,,,206,Michael Zordich,Michigan,"$450,000 ",Big Ten,"$450,000 ",$0 ,"$450,000 ",$0 ,—,,,,,,,,,,,,,,,,,
,,,,,,,,,,,207,Chris Weinke,Tennessee,"$450,000 ",SEC,"$450,000 ",$0 ,"$450,000 ",$0 ,—,,,,,,,,,,,,,,,,,
,,,,,,,,,,,208,Dana Bible,UCLA,"$450,000 ",Pac-12,"$450,000 ",$0 ,"$450,000 ",$0 ,—,,,,,,,,,,,,,,,,,
,,,,,,,,,,,209,Cort Dennison,Louisville,"$450,000 ",ACC,"$450,000 ",$0 ,"$450,000 ",$0 ,—,,,,,,,,,,,,,,,,,
,,,,,,,,,,,210,Ron Dugans,Florida State,"$450,000 ",ACC,"$450,000 ",$0 ,"$450,000 ",$0 ,—,,,,,,,,,,,,,,,,,
,,,,,,,,,,,211,Sharrieff Shah,Utah,"$450,000 ",Pac-12,"$450,000 ",$0 ,"$450,000 ",$0 ,—,,,,,,,,,,,,,,,,,
,,,,,,,,,,,212,Andrew Thacker,Georgia Tech,"$450,000 ",ACC,"$450,000 ",$0 ,"$450,000 ",$0 ,—,,,,,,,,,,,,,,,,,
,,,,,,,,,,,213,Shawn Slocum,Arizona State,"$450,000 ",Pac-12,"$450,000 ",$0 ,"$450,000 ",$0 ,—,,,,,,,,,,,,,,,,,
,,,,,,,,,,,214,Bill Busch,Louisiana State,"$446,625 ",SEC,"$450,000 ","$5,625 ","$444,375 ","$22,500 ",—,,,,,,,,,,,,,,,,,
,,,,,,,,,,,215,Jim Panagos,Rutgers,"$444,828 ",Big Ten,"$450,000 ","$5,172 ","$444,828 ","$5,172 ",—,,,,,,,,,,,,,,,,,
,,,,,,,,,,,216,Craig Stutzmann,Washington State,"$444,583 ",Pac-12,"$485,000 ","$40,417 ","$444,583 ","$40,417 ",—,,,,,,,,,,,,,,,,,
,,,,,,,,,,,217,Matt Barnes,Ohio State,"$442,500 ",Big Ten,"$450,000 ","$7,500 ","$442,500 ","$16,875 ",—,,,,,,,,,,,,,,,,,
,,,,,,,,,,,218,Kane Wommack,Indiana,"$442,308 ",Big Ten,"$460,000 ","$17,692 ","$442,308 ","$17,692 ",—,,,,,,,,,,,,,,,,,
,,,,,,,,,,,219,Tee Martin,Tennessee,"$441,250 ",SEC,"$450,000 ","$8,750 ","$441,250 ","$8,750 ",—,,,,,,,,,,,,,,,,,
,,,,,,,,,,,220,Derrick Nix,Mississippi,"$438,750 ",SEC,"$450,000 ","$11,250 ","$438,750 ","$11,250 ",—,,,,,,,,,,,,,,,,,
,,,,,,,,,,,221,David Gibbs,Missouri,"$438,750 ",SEC,"$450,000 ","$11,250 ","$438,750 ","$11,250 ",—,,,,,,,,,,,,,,,,,
,,,,,,,,,,,222,Calvin Thibodeaux,Oklahoma,"$435,000 ",Big 12,"$435,000 ",$0 ,"$435,000 ",$0 ,—,,,,,,,,,,,,,,,,,
,,,,,,,,,,,223,Travis Fisher,Nebraska,"$435,000 ",Big Ten,"$450,000 ","$15,000 ","$435,000 ","$15,000 ",—,,,,,,,,,,,,,,,,,
,,,,,,,,,,,224,Jamar Cain,Oklahoma,"$435,000 ",Big 12,"$435,000 ",$0 ,"$435,000 ",$0 ,—,,,,,,,,,,,,,,,,,
,,,,,,,,,,,225,Brian Odom,Oklahoma,"$435,000 ",Big 12,"$435,000 ",$0 ,"$435,000 ",$0 ,—,,,,,,,,,,,,,,,,,
,,,,,,,,,,,226,Nick Sheridan,Indiana,"$432,692 ",Big Ten,"$450,000 ","$17,308 ","$432,692 ","$17,308 ",—,,,,,,,,,,,,,,,,,
,,,,,,,,,,,227,Jim Michalczik,Oregon State,"$431,550 ",Pac-12,"$450,000 ","$18,450 ","$431,550 ","$28,188 ",—,,,,,,,,,,,,,,,,,
,,,,,,,,,,,228,Frank Ponce,Louisville,"$430,000 ",ACC,"$430,000 ",$0 ,"$430,000 ",$0 ,—,,,,,,,,,,,,,,,,,
,,,,,,,,,,,229,Scott Fountain,Arkansas,"$427,500 ",SEC,"$450,000 ","$22,500 ","$427,500 ","$41,250 ",—,,,,,,,,,,,,,,,,,
,,,,,,,,,,,230,Derrick LeBlanc,Arkansas,"$427,500 ",SEC,"$450,000 ","$22,500 ","$427,500 ","$41,250 ",—,,,,,,,,,,,,,,,,,
,,,,,,,,,,,231,Gunter Brewer,Louisville,"$425,000 ",ACC,"$425,000 ",$0 ,"$425,000 ",$0 ,—,,,,,,,,,,,,,,,,,
,,,,,,,,,,,232,Jeff Phelps,Mississippi State,"$425,000 ",SEC,"$425,000 ",$0 ,"$425,000 ",$0 ,—,,,,,,,,,,,,,,,,,
,,,,,,,,,,,233,Kodi Burns,Auburn,"$425,000 ",SEC,"$425,000 ",$0 ,"$425,000 ",$0 ,—,,,,,,,,,,,,,,,,,
,,,,,,,,,,,234,James Coley,Texas A&M,"$425,000 ",SEC,"$425,000 ",$0 ,"$425,000 ",$0 ,—,,,,,,,,,,,,,,,,,
,,,,,,,,,,,235,Brian Brohm,Purdue,"$422,750 ",Big Ten,"$445,000 ","$22,250 ","$422,750 ","$66,750 ",—,,,,,,,,,,,,,,,,,
,,,,,,,,,,,236,Greg McMahon,Louisiana State,"$421,938 ",SEC,"$425,000 ","$5,312 ","$419,688 ","$21,250 ",—,,,,,,,,,,,,,,,,,
,,,,,,,,,,,237,Marcus Woodson,Florida State,"$420,000 ",ACC,"$420,000 ",$0 ,"$420,000 ",$0 ,—,,,,,,,,,,,,,,,,,
,,,,,,,,,,,238,David Johnson,Florida State,"$420,000 ",ACC,"$420,000 ",$0 ,"$420,000 ",$0 ,—,,,,,,,,,,,,,,,,,
,,,,,,,,,,,239,JaMarcus Shephard,Purdue,"$416,150 ",Big Ten,"$435,000 ","$18,850 ","$416,150 ","$56,550 ",—,,,,,,,,,,,,,,,,,
,,,,,,,,,,,240,Jay Harbaugh,Michigan,"$415,000 ",Big Ten,"$415,000 ",$0 ,"$415,000 ",$0 ,—,,,,,,,,,,,,,,,,,
,,,,,,,,,,,241,Sherrone Moore,Michigan,"$415,000 ",Big Ten,"$415,000 ",$0 ,"$415,000 ",$0 ,—,,,,,,,,,,,,,,,,,
,,,,,,,,,,,242,Brian Jean-Mary,Michigan,"$415,000 ",Big Ten,"$415,000 ",$0 ,"$415,000 ",$0 ,—,,,,,,,,,,,,,,,,,
,,,,,,,,,,,243,Erik Link,Missouri,"$414,375 ",SEC,"$425,000 ","$10,625 ","$414,375 ","$10,625 ",—,,,,,,,,,,,,,,,,,
,,,,,,,,,,,244,Darren Hiller,Indiana,"$413,500 ",Big Ten,"$430,040 ","$16,540 ","$413,500 ","$16,540 ",—,,,,,,,,,,,,,,,,,
,,,,,,,,,,,245,Matt Moore,West Virginia,"$411,833 ",Big 12,"$426,000 ","$14,167 ","$411,833 ","$21,250 ",—,,,,,,,,,,,,,,,,,
,,,,,,,,,,,246,Charlie Harbison,Missouri,"$404,625 ",SEC,"$415,000 ","$10,375 ","$404,625 ","$10,375 ",—,,,,,,,,,,,,,,,,,
,,,,,,,,,,,247,Lonnie Galloway,North Carolina,"$403,333 ",ACC,"$440,000 ","$36,667 ","$403,333 ","$66,000 ",—,,,,,,,,,,,,,,,,,
,,,,,,,,,,,248,Robert Gillespie,North Carolina,"$403,333 ",ACC,"$440,000 ","$36,667 ","$403,333 ","$66,000 ",—,,,,,,,,,,,,,,,,,
,,,,,,,,,,,249,John Lilly,North Carolina,"$403,333 ",ACC,"$440,000 ","$36,667 ","$403,333 ","$66,000 ",—,,,,,,,,,,,,,,,,,
,,,,,,,,,,,250,Joker Phillips,Maryland,"$402,750 ",Big Ten,"$402,750 ",$0 ,"$402,750 ",$0 ,—,,,,,,,,,,,,,,,,,
,,,,,,,,,,,251,Guy Holliday,Utah,"$400,000 ",Pac-12,"$400,000 ",$0 ,"$400,000 ",$0 ,—,,,,,,,,,,,,,,,,,
,,,,,,,,,,,252,Ben McDaniels,Michigan,"$400,000 ",Big Ten,"$400,000 ",$0 ,"$400,000 ",$0 ,—,,,,,,,,,,,,,,,,,
,,,,,,,,,,,253,Todd Hartley,Georgia,"$400,000 ",SEC,"$400,000 ",$0 ,"$400,000 ",$0 ,—,,,,,,,,,,,,,,,,,
,,,,,,,,,,,254,Don Pellum,UCLA,"$400,000 ",Pac-12,"$400,000 ",$0 ,"$400,000 ",$0 ,—,,,,,,,,,,,,,,,,,
,,,,,,,,,,,255,Oscar Giles,Texas,"$400,000 ",Big 12,"$400,000 ",$0 ,"$400,000 ",$0 ,—,,,,,,,,,,,,,,,,,
,,,,,,,,,,,256,Shaun Nua,Michigan,"$400,000 ",Big Ten,"$400,000 ",$0 ,"$400,000 ",$0 ,—,,,,,,,,,,,,,,,,,
,,,,,,,,,,,257,Dave Patenaude,Georgia Tech,"$400,000 ",ACC,"$400,000 ",$0 ,"$400,000 ",$0 ,—,,,,,,,,,,,,,,,,,
,,,,,,,,,,,258,Dan Hammerschmidt,Oklahoma State,"$400,000 ",Big 12,"$400,000 ",$0 ,"$400,000 ",$0 ,—,,,,,,,,,,,,,,,,,
,,,,,,,,,,,259,Mickey Joseph,Louisiana State,"$397,250 ",SEC,"$400,000 ","$5,000 ","$395,000 ","$20,000 ",—,,,,,,,,,,,,,,,,,
,,,,,,,,,,,260,LeVar Woods,Iowa,"$396,000 ",Big Ten,"$440,000 ","$44,000 ","$396,000 ","$44,000 ",—,,,,,,,,,,,,,,,,,
,,,,,,,,,,,261,Tim Polasek,Iowa,"$396,000 ",Big Ten,"$440,000 ","$44,000 ","$396,000 ","$44,000 ",—,,,,,,,,,,,,,,,,,
,,,,,,,,,,,262,Conor Riley,Kansas State,"$394,896 ",Big 12,"$425,000 ","$30,104 ","$394,896 ","$42,500 ",—,,,,,,,,,,,,,,,,,
,,,,,,,,,,,263,Tim DeRuyter,California,"$393,334 ",Pac-12,"$400,000 ","$6,666 ","$393,334 ","$6,666 ",—,,,,,,,,,,,,,,,,,
,,,,,,,,,,,264,Keith Bhonapha,Washington,"$393,008 ",Pac-12,"$400,008 ","$7,000 ","$393,008 ","$12,000 ",—,,,,,,,,,,,,,,,,,
,,,,,,,,,,,265,Tyler Santucci,Texas A&M,"$390,866 ",SEC,"$390,866 ",$0 ,"$390,866 ",$0 ,—,,,,,,,,,,,,,,,,,
,,,,,,,,,,,266,Bush Hamdan,Missouri,"$390,000 ",SEC,"$400,000 ","$10,000 ","$390,000 ","$10,000 ",—,,,,,,,,,,,,,,,,,
,,,,,,,,,,,267,Stu Holt,Louisville,"$390,000 ",ACC,"$390,000 ",$0 ,"$390,000 ",$0 ,—,,,,,,,,,,,,,,,,,
,,,,,,,,,,,268,Matt Brock,Mississippi State,"$390,000 ",SEC,"$390,000 ",$0 ,"$390,000 ",$0 ,—,,,,,,,,,,,,,,,,,
,,,,,,,,,,,269,Terrell Buckley,Mississippi,"$390,000 ",SEC,"$400,000 ","$10,000 ","$390,000 ","$10,000 ",—,,,,,,,,,,,,,,,,,
,,,,,,,,,,,270,Steve Spurrier Jr.,Mississippi State,"$390,000 ",SEC,"$390,000 ",$0 ,"$390,000 ",$0 ,—,,,,,,,,,,,,,,,,,
,,,,,,,,,,,271,Deke Adams,Mississippi,"$390,000 ",SEC,"$400,000 ","$10,000 ","$390,000 ","$10,000 ",—,,,,,,,,,,,,,,,,,
,,,,,,,,,,,272,Greg Brown,Purdue,"$389,500 ",Big Ten,"$410,000 ","$20,500 ","$389,500 ","$61,500 ",—,,,,,,,,,,,,,,,,,
,,,,,,,,,,,273,Mark Tommerdahl,Texas Tech,"$388,333 ",Big 12,"$400,000 ","$13,167 ","$386,833 ","$31,600 ",—,,,,,,,,,,,,,,,,,
,,,,,,,,,,,274,Chad Scott,West Virginia,"$387,667 ",Big 12,"$401,000 ","$13,333 ","$387,667 ","$20,000 ",—,,,,,,,,,,,,,,,,,
,,,,,,,,,,,275,Chris Wilson,Colorado,"$387,500 ",Pac-12,"$400,000 ","$12,500 ","$387,500 ","$20,000 ",—,,,,,,,,,,,,,,,,,
,,,,,,,,,,,276,Ryan Held,Nebraska,"$386,667 ",Big Ten,"$400,000 ","$13,333 ","$386,667 ","$13,333 ",—,,,,,,,,,,,,,,,,,
,,,,,,,,,,,277,Sean Beckton,Nebraska,"$386,667 ",Big Ten,"$400,000 ","$13,333 ","$386,667 ","$13,333 ",—,,,,,,,,,,,,,,,,,
,,,,,,,,,,,278,Grant Heard,Indiana,"$384,615 ",Big Ten,"$400,000 ","$15,385 ","$384,615 ","$15,385 ",—,,,,,,,,,,,,,,,,,
,,,,,,,,,,,279,Kelvin Bell,Iowa,"$382,500 ",Big Ten,"$425,000 ","$42,500 ","$382,500 ","$42,500 ",—,,,,,,,,,,,,,,,,,
,,,,,,,,,,,280,Chris Haering,Wisconsin,"$382,500 ",Big Ten,"$450,000 ","$67,500 ","$382,500 ","$78,750 ",—,,,,,,,,,,,,,,,,,
,,,,,,,,,,,281,Justin Stepp,Arkansas,"$380,000 ",SEC,"$400,000 ","$20,000 ","$380,000 ","$40,000 ",—,,,,,,,,,,,,,,,,,
,,,,,,,,,,,282,John Reagan,Maryland,"$377,750 ",Big Ten,"$377,750 ",$0 ,"$377,750 ",$0 ,—,,,,,,,,,,,,,,,,,
,,,,,,,,,,,283,Courtney Hawkins,Michigan State,"$375,712 ",Big Ten,"$387,000 ","$11,288 ","$375,712 ","$19,350 ",—,,,,,,,,,,,,,,,,,
,,,,,,,,,,,284,Jason Washington,Mississippi State,"$375,000 ",SEC,"$375,000 ",$0 ,"$375,000 ",$0 ,—,,,,,,,,,,,,,,,,,
,,,,,,,,,,,285,Dave Christensen,Arizona State,"$375,000 ",Pac-12,"$375,000 ",$0 ,"$375,000 ",$0 ,—,,,,,,,,,,,,,,,,,
,,,,,,,,,,,286,Mark Ivey,Louisville,"$375,000 ",ACC,"$375,000 ",$0 ,"$375,000 ",$0 ,—,,,,,,,,,,,,,,,,,
,,,,,,,,,,,287,Al Pogue,Auburn,"$375,000 ",SEC,"$375,000 ",$0 ,"$375,000 ",$0 ,—,,,,,,,,,,,,,,,,,
,,,,,,,,,,,288,Eric Mele,Mississippi State,"$375,000 ",SEC,"$375,000 ",$0 ,"$375,000 ",$0 ,—,,,,,,,,,,,,,,,,,
,,,,,,,,,,,289,David Nichol,Mississippi State,"$375,000 ",SEC,"$375,000 ",$0 ,"$375,000 ",$0 ,—,,,,,,,,,,,,,,,,,
,,,,,,,,,,,290,Darcel McBath,Mississippi State,"$375,000 ",SEC,"$375,000 ",$0 ,"$375,000 ",$0 ,—,,,,,,,,,,,,,,,,,
,,,,,,,,,,,291,Bob Ligashesky,Illinois,"$374,300 ",Big Ten,"$380,000 ","$5,700 ","$374,300 ","$34,200 ",—,,,,,,,,,,,,,,,,,
,,,,,,,,,,,292,Bob McClain,Illinois,"$374,300 ",Big Ten,"$380,000 ","$5,700 ","$374,300 ","$34,200 ",—,,,,,,,,,,,,,,,,,
,,,,,,,,,,,293,Bobby Bentley,South Carolina,"$371,767 ",SEC,"$400,000 ","$28,233 ","$371,767 ","$28,233 ",—,,,,,,,,,,,,,,,,,
,,,,,,,,,,,294,John Garrison,NC State,"$371,667 ",ACC,"$400,000 ","$28,333 ","$371,667 ","$55,000 ",—,,,,,,,,,,,,,,,,,
,,,,,,,,,,,295,Charley Wiles,NC State,"$371,667 ",ACC,"$400,000 ","$28,333 ","$371,667 ","$55,000 ",—,,,,,,,,,,,,,,,,,
,,,,,,,,,,,296,Andrew Hayes-Stoker,Illinois,"$369,375 ",Big Ten,"$375,000 ","$5,625 ","$369,375 ","$33,750 ",—,,,,,,,,,,,,,,,,,
,,,,,,,,,,,297,Junior Adams,Washington,"$368,437 ",Pac-12,"$375,000 ","$6,563 ","$368,437 ","$11,563 ",—,,,,,,,,,,,,,,,,,
,,,,,,,,,,,298,Jason McEndoo,Oklahoma State,"$365,000 ",Big 12,"$365,000 ",$0 ,"$365,000 ",$0 ,—,,,,,,,,,,,,,,,,,
,,,,,,,,,,,299,Jason Beck,Virginia,"$364,812 ",ACC,"$390,000 ","$25,188 ","$364,812 ","$25,188 ",—,,,,,,,,,,,,,,,,,
,,,,,,,,,,,300,Kelly Poppinga,Virginia,"$364,812 ",ACC,"$390,000 ","$25,188 ","$364,812 ","$25,188 ",—,,,,,,,,,,,,,,,,,
,,,,,,,,,,,301,Mitch Rodrigue,Colorado,"$363,281 ",Pac-12,"$375,000 ","$11,719 ","$363,281 ","$18,750 ",—,,,,,,,,,,,,,,,,,
,,,,,,,,,,,302,Tony Tuioti,Nebraska,"$362,500 ",Big Ten,"$375,000 ","$12,500 ","$362,500 ","$12,500 ",—,,,,,,,,,,,,,,,,,
,,,,,,,,,,,303,Mario Verduzco,Nebraska,"$362,500 ",Big Ten,"$375,000 ","$12,500 ","$362,500 ","$12,500 ",—,,,,,,,,,,,,,,,,,
,,,,,,,,,,,304,Inoke Breckterfield,Wisconsin,"$361,250 ",Big Ten,"$425,000 ","$63,750 ","$361,250 ","$74,375 ",—,,,,,,,,,,,,,,,,,
,,,,,,,,,,,305,John Settle,Wisconsin,"$361,250 ",Big Ten,"$425,000 ","$63,750 ","$361,250 ","$74,375 ",—,,,,,,,,,,,,,,,,,
,,,,,,,,,,,306,Robert Bostad,Wisconsin,"$361,250 ",Big Ten,"$425,000 ","$63,750 ","$361,250 ","$74,375 ",—,,,,,,,,,,,,,,,,,
,,,,,,,,,,,307,Bobby April,Wisconsin,"$361,250 ",Big Ten,"$425,000 ","$63,750 ","$361,250 ","$74,375 ",—,,,,,,,,,,,,,,,,,
,,,,,,,,,,,308,Mike Hart,Indiana,"$360,578 ",Big Ten,"$375,001 ","$14,423 ","$360,578 ","$14,423 ",—,,,,,,,,,,,,,,,,,
,,,,,,,,,,,309,Jason Jones,Indiana,"$360,577 ",Big Ten,"$375,000 ","$14,423 ","$360,577 ","$14,423 ",—,,,,,,,,,,,,,,,,,
,,,,,,,,,,,310,Tyson Veidt,Iowa State,"$360,100 ",Big 12,"$400,000 ","$40,000 ","$360,000 ","$40,000 ",—,,,,,,,,,,,,,,,,,
,,,,,,,,,,,311,D.K. McDonald,Iowa State,"$360,000 ",Big 12,"$400,000 ","$40,000 ","$360,000 ","$40,000 ",—,,,,,,,,,,,,,,,,,
,,,,,,,,,,,312,Joel Gordon,Iowa State,"$360,000 ",Big 12,"$400,000 ","$40,000 ","$360,000 ","$40,000 ",—,,,,,,,,,,,,,,,,,
,,,,,,,,,,,313,Jahmile Addae,West Virginia,"$359,500 ",Big 12,"$371,000 ","$11,500 ","$359,500 ","$17,250 ",—,,,,,,,,,,,,,,,,,
,,,,,,,,,,,314,Brian Callahan,Minnesota,"$356,615 ",Big Ten,"$380,000 ","$23,385 ","$356,615 ","$38,000 ",—,,,,,,,,,,,,,,,,,
,,,,,,,,,,,315,Matt Simon (Minn.),Minnesota,"$356,615 ",Big Ten,"$380,000 ","$23,385 ","$356,615 ","$23,385 ",—,,,,,,,,,,,,,,,,,
,,,,,,,,,,,316,Joe Harasymiak,Minnesota,"$356,615 ",Big Ten,"$380,000 ","$23,385 ","$356,615 ","$23,385 ",—,,,,,,,,,,,,,,,,,
,,,,,,,,,,,317,Kevin Faulk,Louisiana State,"$356,325 ",SEC,"$350,000 ","$4,375 ","$345,625 ","$17,500 ",—,,,,,,,,,,,,,,,,,
,,,,,,,,,,,318,Garett Tujague,Virginia,"$355,312 ",ACC,"$365,000 ","$9,688 ","$355,312 ","$9,688 ",—,,,,,,,,,,,,,,,,,
,,,,,,,,,,,319,Eli Rasheed,Iowa State,"$351,000 ",Big 12,"$390,000 ","$39,000 ","$351,000 ","$39,000 ",—,,,,,,,,,,,,,,,,,
,,,,,,,,,,,320,Jim Mastro,Oregon,"$350,781 ",Pac-12,"$375,000 ","$24,219 ","$350,781 ","$24,219 ",—,,,,,,,,,,,,,,,,,
,,,,,,,,,,,321,Derek Sage,UCLA,"$350,000 ",Pac-12,"$350,000 ",$0 ,"$350,000 ",$0 ,—,,,,,,,,,,,,,,,,,
,,,,,,,,,,,322,Brian Niedermeyer,Tennessee,"$350,000 ",SEC,"$350,000 ",$0 ,"$350,000 ",$0 ,—,,,,,,,,,,,,,,,,,
,,,,,,,,,,,323,Bob Fraser,Rutgers,"$350,000 ",Big Ten,"$350,000 ",$0 ,"$350,000 ",$0 ,—,,,,,,,,,,,,,,,,,
,,,,,,,,,,,324,Kwahn Drake,Kansas,"$350,000 ",Big 12,"$350,000 ",$0 ,"$350,000 ","$40,000 ",—,,,,,,,,,,,,,,,,,
,,,,,,,,,,,325,DeMarco Murray,Oklahoma,"$350,000 ",Big 12,"$350,000 ",$0 ,"$350,000 ",$0 ,—,,,,,,,,,,,,,,,,,
,,,,,,,,,,,326,John Wozniak,Oklahoma State,"$350,000 ",Big 12,"$350,000 ",$0 ,"$350,000 ",$0 ,—,,,,,,,,,,,,,,,,,
,,,,,,,,,,,327,Fred Whittingham,Utah,"$350,000 ",Pac-12,"$350,000 ",$0 ,"$350,000 ",$0 ,—,,,,,,,,,,,,,,,,,
,,,,,,,,,,,328,Lewis Powell,Utah,"$350,000 ",Pac-12,"$350,000 ",$0 ,"$350,000 ",$0 ,—,,,,,,,,,,,,,,,,,
,,,,,,,,,,,329,ShaDon Brown,Louisville,"$350,000 ",ACC,"$350,000 ",$0 ,"$350,000 ",$0 ,—,,,,,,,,,,,,,,,,,
,,,,,,,,,,,330,Joe Klanderman,Kansas State,"$348,437 ",Big 12,"$375,000 ","$26,563 ","$348,437 ","$37,500 ",—,,,,,,,,,,,,,,,,,
,,,,,,,,,,,331,Tim Duffie,Oklahoma State,"$346,875 ",Big 12,"$375,000 ","$28,125 ","$346,875 ","$59,375 ",—,,,,,,,,,,,,,,,,,
,,,,,,,,,,,332,D.J. Smith,Missouri,"$341,250 ",SEC,"$350,000 ","$8,750 ","$341,250 ","$8,750 ",—,,,,,,,,,,,,,,,,,
,,,,,,,,,,,333,Casey Woods,Missouri,"$341,250 ",SEC,"$350,000 ","$8,750 ","$341,250 ","$8,750 ",—,,,,,,,,,,,,,,,,,
,,,,,,,,,,,334,Jimmie Dougherty,UCLA,"$340,400 ",Pac-12,"$340,400 ",$0 ,"$340,400 ",$0 ,—,,,,,,,,,,,,,,,,,
,,,,,,,,,,,335,Frank Buffano,Kentucky,"$340,000 ",SEC,"$340,000 ",$0 ,"$340,000 ",$0 ,—,,,,,,,,,,,,,,,,,
,,,,,,,,,,,336,Danny Langsdorf,Colorado,"$339,062 ",Pac-12,"$350,000 ","$10,938 ","$339,062 ","$17,500 ",—,,,,,,,,,,,,,,,,,
,,,,,,,,,,,337,Kurt Roper,NC State,"$336,875 ",ACC,"$350,000 ","$13,125 ","$336,875 ","$48,125 ",—,,,,,,,,,,,,,,,,,
,,,,,,,,,,,338,Bryan McClendon,Oregon,"$336,750 ",Pac-12,"$360,000 ","$23,250 ","$336,750 ","$39,917 ",—,,,,,,,,,,,,,,,,,
,,,,,,,,,,,339,Norval McKenzie,Louisville,"$335,000 ",ACC,"$335,000 ",$0 ,"$335,000 ",$0 ,—,,,,,,,,,,,,,,,,,
,,,,,,,,,,,340,Andy Buh,Arizona,"$334,375 ",Pac-12,"$375,000 ","$40,625 ","$334,375 ","$40,625 ",—,,,,,,,,,,,,,,,,,
,,,,,,,,,,,341,Tim Cross,North Carolina,"$330,000 ",ACC,"$360,000 ","$30,000 ","$330,000 ","$54,000 ",—,,,,,,,,,,,,,,,,,
,,,,,,,,,,,342,Jordan Lesley,West Virginia,"$329,667 ",Big 12,"$341,000 ","$11,333 ","$329,667 ","$17,000 ",—,,,,,,,,,,,,,,,,,
,,,,,,,,,,,343,Rod Chance,Oregon,"$327,396 ",Pac-12,"$350,000 ","$22,604 ","$327,396 ","$37,188 ",—,,,,,,,,,,,,,,,,,
,,,,,,,,,,,344,Ken Wilson,Oregon,"$327,396 ",Pac-12,"$350,000 ","$22,604 ","$327,396 ","$37,188 ",—,,,,,,,,,,,,,,,,,
,,,,,,,,,,,345,Bobby Williams,Oregon,"$327,396 ",Pac-12,"$350,000 ","$22,604 ","$327,396 ","$22,604 ",—,,,,,,,,,,,,,,,,,
,,,,,,,,,,,346,Alex Mirabal,Oregon,"$327,396 ",Pac-12,"$350,000 ","$22,604 ","$327,396 ","$22,604 ",—,,,,,,,,,,,,,,,,,
,,,,,,,,,,,347,Marques Tuiasosopo,California,"$326,500 ",Pac-12,"$325,000 ",$0 ,"$325,000 ",$0 ,—,,,,,,,,,,,,,,,,,
,,,,,,,,,,,348,Joe DeForest,NC State,"$325,208 ",ACC,"$350,000 ","$24,792 ","$325,208 ","$48,125 ",—,,,,,,,,,,,,,,,,,
,,,,,,,,,,,349,Nathan Burton,Georgia Tech,"$325,000 ",ACC,"$325,000 ",$0 ,"$325,000 ",$0 ,—,,,,,,,,,,,,,,,,,
,,,,,,,,,,,350,Carnell Williams,Auburn,"$325,000 ",SEC,"$325,000 ",$0 ,"$325,000 ",$0 ,—,,,,,,,,,,,,,,,,,
,,,,,,,,,,,351,Robert Rodriguez,Arizona State,"$325,000 ",Pac-12,"$325,000 ",$0 ,"$325,000 ",$0 ,—,,,,,,,,,,,,,,,,,
,,,,,,,,,,,352,Mark Weber,Washington State,"$320,833 ",Pac-12,"$350,000 ","$29,167 ","$320,833 ","$29,167 ",—,,,,,,,,,,,,,,,,,
,,,,,,,,,,,353,Jovon Bouknight,Kentucky,"$320,000 ",SEC,"$320,000 ",$0 ,"$320,000 ",$0 ,—,,,,,,,,,,,,,,,,,
,,,,,,,,,,,354,George Helow,Maryland,"$319,167 ",Big Ten,"$325,000 ","$5,833 ","$319,167 ","$10,000 ",—,,,,,,,,,,,,,,,,,
,,,,,,,,,,,355,Kevin Peoples,Indiana,"$317,308 ",Big Ten,"$330,000 ","$12,692 ","$317,308 ","$12,692 ",—,,,,,,,,,,,,,,,,,
,,,,,,,,,,,356,Kevin Smith,Mississippi,"$316,875 ",SEC,"$325,000 ","$8,125 ","$316,875 ","$8,125 ",—,,,,,,,,,,,,,,,,,
,,,,,,,,,,,357,Marcel Yates,California,"$316,800 ",Pac-12,"$320,000 ","$3,200 ","$316,800 ","$3,200 ",—,,,,,,,,,,,,,,,,,
,,,,,,,,,,,358,Jay Niemann,Iowa,"$316,000 ",Big Ten,"$350,000 ","$34,000 ","$316,000 ","$34,000 ",—,,,,,,,,,,,,,,,,,
,,,,,,,,,,,359,Steve Stanard,Kansas State,"$315,917 ",Big 12,"$340,000 ","$24,083 ","$315,917 ","$34,000 ",—,,,,,,,,,,,,,,,,,
,,,,,,,,,,,360,Nathan Scheelhaase,Iowa State,"$315,000 ",Big 12,"$350,000 ","$35,000 ","$315,000 ","$35,000 ",—,,,,,,,,,,,,,,,,,
,,,,,,,,,,,361,Tim Rattay,Oklahoma State,"$315,000 ",Big 12,"$315,000 ",$0 ,"$315,000 ",$0 ,—,,,,,,,,,,,,,,,,,
,,,,,,,,,,,362,Brett Maxie,Colorado,"$314,844 ",Pac-12,"$325,000 ","$10,156 ","$314,844 ","$16,250 ",—,,,,,,,,,,,,,,,,,
,,,,,,,,,,,363,Mike Dawson,Nebraska,"$314,167 ",Big Ten,"$325,000 ","$10,833 ","$314,167 ","$10,833 ",—,,,,,,,,,,,,,,,,,
,,,,,,,,,,,364,Todd Goebbel,NC State,"$312,812 ",ACC,"$325,000 ","$12,188 ","$312,812 ","$44,688 ",—,,,,,,,,,,,,,,,,,
,,,,,,,,,,,365,Mike Bellamy,Illinois,"$310,275 ",Big Ten,"$315,000 ","$4,725 ","$310,275 ","$28,350 ",—,,,,,,,,,,,,,,,,,
,,,,,,,,,,,366,Miles Smith,Illinois,"$310,275 ",Big Ten,"$315,000 ","$4,725 ","$310,275 ","$28,350 ",—,,,,,,,,,,,,,,,,,
,,,,,,,,,,,367,Cory Patterson,Illinois,"$310,275 ",Big Ten,"$315,000 ","$4,725 ","$310,275 ","$28,350 ",—,,,,,,,,,,,,,,,,,
,,,,,,,,,,,368,Mark Banker,Washington State,"$310,000 ",Pac-12,"$310,000 ",$0 ,"$310,000 ",$0 ,—,,,,,,,,,,,,,,,,,
,,,,,,,,,,,369,Andre Coleman,Texas,"$306,250 ",Big 12,"$350,000 ","$43,750 ","$306,250 ","$43,750 ",—,,,,,,,,,,,,,,,,,
,,,,,,,,,,,370,Kelton Copeland,Iowa,"$306,000 ",Big Ten,"$340,000 ","$34,000 ","$306,000 ","$34,000 ",—,,,,,,,,,,,,,,,,,
,,,,,,,,,,,371,Van Malone,Kansas State,"$301,979 ",Big 12,"$325,000 ","$23,021 ","$301,979 ","$32,500 ",—,,,,,,,,,,,,,,,,,
,,,,,,,,,,,372,Jason Ray,Kansas State,"$301,979 ",Big 12,"$325,000 ","$23,021 ","$301,979 ","$32,500 ",—,,,,,,,,,,,,,,,,,
,,,,,,,,,,,373,Collin Klein,Kansas State,"$301,979 ",Big 12,"$325,000 ","$23,021 ","$301,979 ","$32,500 ",—,,,,,,,,,,,,,,,,,
,,,,,,,,,,,374,Brian Anderson,Kansas State,"$301,979 ",Big 12,"$325,000 ","$23,021 ","$301,979 ","$32,500 ",—,,,,,,,,,,,,,,,,,
,,,,,,,,,,,375,Christian Robinson,Florida,"$301,500 ",SEC,"$301,500 ",$0 ,"$301,500 ",$0 ,—,,,,,,,,,,,,,,,,,
,,,,,,,,,,,376,Chad Wilt,Minnesota,"$300,038 ",Big Ten,"$320,000 ","$19,962 ","$300,038 ","$19,962 ",—,,,,,,,,,,,,,,,,,
,,,,,,,,,,,377,Rob Wenger,Minnesota,"$300,038 ",Big Ten,"$320,000 ","$19,962 ","$300,038 ","$19,962 ",—,,,,,,,,,,,,,,,,,
,,,,,,,,,,,378,Kenni Burns,Minnesota,"$300,038 ",Big Ten,"$320,000 ","$19,962 ","$300,038 ","$19,962 ",—,,,,,,,,,,,,,,,,,
,,,,,,,,,,,379,Angus McClure,California,"$300,000 ",Pac-12,"$300,000 ",$0 ,"$300,000 ",$0 ,—,,,,,,,,,,,,,,,,,
,,,,,,,,,,,380,Johnny Nansen,UCLA,"$300,000 ",Pac-12,"$300,000 ",$0 ,"$300,000 ",$0 ,—,,,,,,,,,,,,,,,,,
,,,,,,,,,,,381,Anwar Stewart,Kentucky,"$300,000 ",SEC,"$300,000 ",$0 ,"$300,000 ",$0 ,—,,,,,,,,,,,,,,,,,
,,,,,,,,,,,382,Wesley McGriff,Auburn,"$300,000 ",SEC,"$300,000 ",$0 ,"$300,000 ",$0 ,—,,,,,,,,,,,,,,,,,
,,,,,,,,,,,383,Ricky Brumfield,Virginia,"$300,000 ",ACC,"$300,000 ",$0 ,"$300,000 ",$0 ,—,,,,,,,,,,,,,,,,,
,,,,,,,,,,,384,Derek Nicholson,Louisville,"$300,000 ",ACC,"$300,000 ",$0 ,"$300,000 ",$0 ,—,,,,,,,,,,,,,,,,,
,,,,,,,,,,,385,Emmett Jones,Kansas,"$300,000 ",Big 12,"$300,000 ",$0 ,"$300,000 ",$0 ,—,,,,,,,,,,,,,,,,,
,,,,,,,,,,,386,Chris Wiesehan,Georgia Tech,"$300,000 ",ACC,"$300,000 ",$0 ,"$300,000 ",$0 ,—,,,,,,,,,,,,,,,,,
,,,,,,,,,,,387,Michael Ghobrial,Washington State,"$297,917 ",Pac-12,"$325,000 ","$27,083 ","$297,917 ","$27,083 ",—,,,,,,,,,,,,,,,,,
,,,,,,,,,,,388,John Richardson,Washington State,"$297,917 ",Pac-12,"$325,000 ","$27,083 ","$297,917 ","$27,083 ",—,,,,,,,,,,,,,,,,,
,,,,,,,,,,,389,Charlie Ragle,California,"$297,250 ",Pac-12,"$300,000 ","$5,000 ","$295,000 ","$5,000 ",—,,,,,,,,,,,,,,,,,
,,,,,,,,,,,390,Andy Aurich,Rutgers,"$296,552 ",Big Ten,"$300,000 ","$3,448 ","$296,552 ","$3,448 ",—,,,,,,,,,,,,,,,,,
,,,,,,,,,,,391,Will Harris,Washington,"$294,750 ",Pac-12,"$300,000 ","$5,250 ","$294,750 ","$9,000 ",—,,,,,,,,,,,,,,,,,
,,,,,,,,,,,392,Corey Dennis,Ohio State,"$293,750 ",Big Ten,"$300,000 ","$6,250 ","$293,750 ","$11,250 ",—,,,,,,,,,,,,,,,,,
,,,,,,,,,,,393,Blake Gideon,Mississippi,"$292,500 ",SEC,"$300,000 ","$7,500 ","$292,500 ","$7,500 ",—,,,,,,,,,,,,,,,,,
,,,,,,,,,,,394,Kevin Cosgrove,Texas Tech,"$291,000 ",Big 12,"$300,000 ","$9,000 ","$291,000 ","$9,000 ",—,,,,,,,,,,,,,,,,,
,,,,,,,,,,,395,Paul Randolph,Texas Tech,"$291,000 ",Big 12,"$300,000 ","$9,000 ","$291,000 ","$9,000 ",—,,,,,,,,,,,,,,,,,
,,,,,,,,,,,396,Demetrice Martin,Colorado,"$290,625 ",Pac-12,"$300,000 ","$9,375 ","$290,625 ","$15,000 ",—,,,,,,,,,,,,,,,,,
,,,,,,,,,,,397,DeShaun Foster,UCLA,"$290,400 ",Pac-12,"$290,400 ",$0 ,"$290,400 ",$0 ,—,,,,,,,,,,,,,,,,,
,,,,,,,,,,,398,Kyle DeVan,Arizona,"$289,792 ",Pac-12,"$325,000 ","$35,208 ","$289,792 ","$35,208 ",—,,,,,,,,,,,,,,,,,
,,,,,,,,,,,399,Brandon Shelby,Indiana,"$288,462 ",Big Ten,"$300,000 ","$11,538 ","$288,462 ","$11,538 ",—,,,,,,,,,,,,,,,,,
,,,,,,,,,,,400,Legi Suiaunoa,Oregon State,"$288,260 ",Pac-12,"$300,000 ","$11,740 ","$288,260 ","$18,099 ",—,,,,,,,,,,,,,,,,,
,,,,,,,,,,,401,Trent Bray,Oregon State,"$288,260 ",Pac-12,"$300,000 ","$11,740 ","$288,260 ","$18,099 ",—,,,,,,,,,,,,,,,,,
,,,,,,,,,,,402,Tyler Grisham,Clemson,"$288,000 ",ACC,"$300,000 ","$12,000 ","$288,000 ","$24,000 ",—,,,,,,,,,,,,,,,,,
,,,,,,,,,,,403,Jon Cooper,Arkansas,"$285,000 ",SEC,"$300,000 ","$15,000 ","$285,000 ","$27,500 ",—,,,,,,,,,,,,,,,,,
,,,,,,,,,,,404,Andre Allen,Washington State,"$284,166 ",Pac-12,"$310,000 ","$25,834 ","$284,166 ","$25,834 ",—,,,,,,,,,,,,,,,,,
,,,,,,,,,,,405,AJ Cooper,Washington State,"$284,166 ",Pac-12,"$310,000 ","$25,834 ","$284,166 ","$25,834 ",—,,,,,,,,,,,,,,,,,
,,,,,,,,,,,406,Ricky Logo,Washington State,"$284,166 ",Pac-12,"$310,000 ","$25,834 ","$284,166 ","$25,834 ",—,,,,,,,,,,,,,,,,,
,,,,,,,,,,,407,Matt Caponi,Iowa State,"$283,500 ",Big 12,"$315,000 ","$31,500 ","$283,500 ","$31,500 ",—,,,,,,,,,,,,,,,,,
,,,,,,,,,,,408,Travis Trickett,West Virginia,"$281,333 ",Big 12,"$291,000 ","$9,667 ","$281,333 ","$14,833 ",—,,,,,,,,,,,,,,,,,
,,,,,,,,,,,409,Greg Burns,Arizona,"$280,875 ",Pac-12,"$315,000 ","$34,125 ","$280,875 ","$34,125 ",—,,,,,,,,,,,,,,,,,
,,,,,,,,,,,410,Jay Valai,Texas,"$278,854 ",Big 12,"$300,000 ","$21,146 ","$278,854 ","$36,250 ",—,,,,,,,,,,,,,,,,,
,,,,,,,,,,,411,Mike Peterson,South Carolina,"$278,825 ",SEC,"$300,000 ","$21,175 ","$278,825 ","$21,175 ",—,,,,,,,,,,,,,,,,,
,,,,,,,,,,,412,Des Kitchings,South Carolina,"$278,825 ",SEC,"$300,000 ","$21,175 ","$278,825 ","$21,175 ",—,,,,,,,,,,,,,,,,,
,,,,,,,,,,,413,Brian Mitchell,NC State,"$278,750 ",ACC,"$300,000 ","$21,250 ","$278,750 ","$41,250 ",—,,,,,,,,,,,,,,,,,
,,,,,,,,,,,414,Buddy Wyatt,Kansas State,"$278,750 ",Big 12,"$300,000 ","$21,250 ","$278,750 ","$30,000 ",—,,,,,,,,,,,,,,,,,
,,,,,,,,,,,415,Mike Tuiasosopo,Kansas State,"$275,962 ",Big 12,"$297,000 ","$21,038 ","$275,962 ","$29,700 ",—,,,,,,,,,,,,,,,,,
,,,,,,,,,,,416,Terrance Jamison,Purdue,"$275,000 ",Big Ten,"$275,000 ",$0 ,"$275,000 ",$0 ,—,,,,,,,,,,,,,,,,,
,,,,,,,,,,,417,Jimmy Lindsey,Illinois,"$272,250 ",Big Ten,"$275,000 ","$2,750 ","$272,250 ","$16,500 ",—,,,,,,,,,,,,,,,,,
,,,,,,,,,,,418,Augie Hoffmann,Rutgers,"$271,839 ",Big Ten,"$275,000 ","$3,161 ","$271,839 ","$3,161 ",—,,,,,,,,,,,,,,,,,
,,,,,,,,,,,419,Marques Hagans,Virginia,"$266,594 ",ACC,"$285,000 ","$18,406 ","$266,594 ","$18,406 ",—,,,,,,,,,,,,,,,,,
,,,,,,,,,,,420,Chris Barclay,Purdue,"$261,250 ",Big Ten,"$275,000 ","$13,750 ","$261,250 ","$41,250 ",—,,,,,,,,,,,,,,,,,
,,,,,,,,,,,421,Marty Biagi,Purdue,"$261,250 ",Big Ten,"$275,000 ","$13,750 ","$261,250 ","$43,750 ",—,,,,,,,,,,,,,,,,,
,,,,,,,,,,,422,Derrick Foster,Iowa,"$261,000 ",Big Ten,"$290,000 ","$29,000 ","$261,000 ","$29,000 ",—,,,,,,,,,,,,,,,,,
,,,,,,,,,,,423,Greg Richmond,Oklahoma State,"$260,000 ",Big 12,"$260,000 ",$0 ,"$260,000 ",$0 ,—,,,,,,,,,,,,,,,,,
,,,,,,,,,,,424,Rod Wilson,South Carolina,"$255,590 ",SEC,"$275,000 ","$19,410 ","$255,590 ","$19,410 ",—,,,,,,,,,,,,,,,,,
,,,,,,,,,,,425,Mark Atuaia,Virginia,"$255,312 ",ACC,"$265,000 ","$9,688 ","$255,312 ","$9,688 ",—,,,,,,,,,,,,,,,,,
,,,,,,,,,,,426,Steve Farmer,Texas Tech,"$255,308 ",Big 12,"$260,000 ","$7,292 ","$252,708 ","$7,292 ",—,,,,,,,,,,,,,,,,,
,,,,,,,,,,,427,Brian Williams,Maryland,"$252,500 ",Big Ten,"$252,500 ",$0 ,"$252,500 ",$0 ,—,,,,,,,,,,,,,,,,,
,,,,,,,,,,,428,Dre Bly,North Carolina,"$252,083 ",ACC,"$275,000 ","$22,917 ","$252,083 ","$41,250 ",—,,,,,,,,,,,,,,,,,
,,,,,,,,,,,429,Jason Kaufusi,UCLA,"$250,000 ",Pac-12,"$250,000 ",$0 ,"$250,000 ",$0 ,—,,,,,,,,,,,,,,,,,
,,,,,,,,,,,430,Tiquan Underwood,Rutgers,"$250,000 ",Big Ten,"$250,000 ",$0 ,"$250,000 ",$0 ,—,,,,,,,,,,,,,,,,,
,,,,,,,,,,,431,Brent Dearmon,Kansas,"$250,000 ",Big 12,"$250,000 ",$0 ,"$250,000 ",$0 ,—,,,,,,,,,,,,,,,,,
,,,,,,,,,,,432,Colton Swan,Utah,"$250,000 ",Pac-12,"$250,000 ",$0 ,"$250,000 ",$0 ,—,,,,,,,,,,,,,,,,,
,,,,,,,,,,,433,Sione Po'uha,Utah,"$250,000 ",Pac-12,"$250,000 ",$0 ,"$250,000 ",$0 ,—,,,,,,,,,,,,,,,,,
,,,,,,,,,,,434,Paul Haynes,Minnesota,"$249,891 ",Big Ten,"$265,000 ","$15,109 ","$249,891 ","$15,109 ",—,,,,,,,,,,,,,,,,,
,,,,,,,,,,,435,Michael Pitre,Oregon State,"$247,508 ",Pac-12,"$250,008 ","$2,500 ","$247,508 ","$3,750 ",—,,,,,,,,,,,,,,,,,
,,,,,,,,,,,436,Al Davis,Illinois,"$247,500 ",Big Ten,"$250,000 ","$2,500 ","$247,500 ","$15,000 ",—,,,,,,,,,,,,,,,,,
,,,,,,,,,,,437,Adam Scheier,Rutgers,"$247,126 ",Big Ten,"$250,000 ","$2,874 ","$247,126 ","$2,874 ",—,,,,,,,,,,,,,,,,,
,,,,,,,,,,,438,Blue Adams,Oregon State,"$241,308 ",Pac-12,"$250,008 ","$8,700 ","$241,308 ","$13,485 ",—,,,,,,,,,,,,,,,,,
,,,,,,,,,,,439,Kefense Hynson,Oregon State,"$241,308 ",Pac-12,"$250,008 ","$8,700 ","$241,308 ","$13,920 ",—,,,,,,,,,,,,,,,,,
,,,,,,,,,,,440,Kasey Teegardin,Indiana,"$240,385 ",Big Ten,"$250,000 ","$9,615 ","$240,385 ","$9,615 ",—,,,,,,,,,,,,,,,,,
,,,,,,,,,,,441,Kevin Wright,Indiana,"$240,385 ",Big Ten,"$250,000 ","$9,615 ","$240,385 ","$9,615 ",—,,,,,,,,,,,,,,,,,
,,,,,,,,,,,442,Jeff Myers,Iowa State,"$238,950 ",Big 12,"$265,500 ","$26,550 ","$238,950 ","$26,550 ",—,,,,,,,,,,,,,,,,,
,,,,,,,,,,,443,Mick McCall,Iowa State,"$238,950 ",Big 12,"$265,500 ","$26,550 ","$238,950 ","$26,550 ",—,,,,,,,,,,,,,,,,,
,,,,,,,,,,,444,Dale Williams,Purdue,"$237,500 ",Big Ten,"$250,000 ","$12,500 ","$237,500 ","$37,500 ",—,,,,,,,,,,,,,,,,,
,,,,,,,,,,,445,Tashard Choice,Georgia Tech,"$236,000 ",ACC,"$236,000 ",$0 ,"$236,000 ",$0 ,—,,,,,,,,,,,,,,,,,
,,,,,,,,,,,446,Kerry Dixon,Georgia Tech,"$235,000 ",ACC,"$235,000 ",$0 ,"$235,000 ",$0 ,—,,,,,,,,,,,,,,,,,
,,,,,,,,,,,447,Joel Filani,Texas Tech,"$233,458 ",Big 12,"$240,000 ","$6,542 ","$233,458 ","$6,542 ",—,,,,,,,,,,,,,,,,,
,,,,,,,,,,,448,Luke Wells,Texas Tech,"$233,458 ",Big 12,"$240,000 ","$6,542 ","$233,458 ","$6,542 ",—,,,,,,,,,,,,,,,,,
,,,,,,,,,,,449,DeAndre Smith,Texas Tech,"$233,458 ",Big 12,"$240,000 ","$6,542 ","$233,458 ","$6,542 ",—,,,,,,,,,,,,,,,,,
,,,,,,,,,,,450,Shane Hunter,Virginia,"$232,250 ",ACC,"$240,000 ","$7,750 ","$232,250 ","$7,750 ",—,,,,,,,,,,,,,,,,,
,,,,,,,,,,,451,Jeff Popovich,Georgia Tech,"$230,000 ",ACC,"$230,000 ",$0 ,"$230,000 ",$0 ,—,,,,,,,,,,,,,,,,,
,,,,,,,,,,,452,Larry Knight,Georgia Tech,"$230,000 ",ACC,"$230,000 ",$0 ,"$230,000 ",$0 ,—,,,,,,,,,,,,,,,,,
,,,,,,,,,,,453,Marco Coleman,Georgia Tech,"$230,000 ",ACC,"$230,000 ",$0 ,"$230,000 ",$0 ,—,,,,,,,,,,,,,,,,,
,,,,,,,,,,,454,Nunzio Campanile,Rutgers,"$227,356 ",Big Ten,"$230,000 ","$2,644 ","$227,356 ","$2,644 ",—,,,,,,,,,,,,,,,,,
,,,,,,,,,,,455,Clay Patterson,Minnesota,"$227,000 ",Big Ten,"$240,000 ","$13,000 ","$227,000 ","$13,000 ",—,,,,,,,,,,,,,,,,,
,,,,,,,,,,,456,Jonathan Wallace,Kansas,"$225,000 ",Big 12,"$225,000 ",$0 ,"$225,000 ",$0 ,—,,,,,,,,,,,,,,,,,
,,,,,,,,,,,457,Burl Toler,California,"$225,000 ",Pac-12,"$225,000 ",$0 ,"$225,000 ",$0 ,—,,,,,,,,,,,,,,,,,
,,,,,,,,,,,458,Shelton Felton,Tennessee,"$225,000 ",SEC,"$225,000 ",$0 ,"$225,000 ",$0 ,—,,,,,,,,,,,,,,,,,
,,,,,,,,,,,459,Brawley Evans,Maryland,"$225,000 ",Big Ten,"$225,000 ",$0 ,"$225,000 ",$0 ,—,,,,,,,,,,,,,,,,,
,,,,,,,,,,,460,Kiel McDonald,Utah,"$225,000 ",Pac-12,"$225,000 ",$0 ,"$225,000 ",$0 ,—,,,,,,,,,,,,,,,,,
,,,,,,,,,,,461,Joe Osovet,Tennessee,"$225,000 ",SEC,"$225,000 ",$0 ,"$225,000 ",$0 ,—,,,,,,,,,,,,,,,,,
,,,,,,,,,,,462,Derham Cato,Washington,"$221,062 ",Pac-12,"$225,000 ","$3,938 ","$221,062 ","$6,750 ",—,,,,,,,,,,,,,,,,,
,,,,,,,,,,,463,Sean Reagan,West Virginia,"$218,500 ",Big 12,"$226,000 ","$7,500 ","$218,500 ","$11,250 ",—,,,,,,,,,,,,,,,,,
,,,,,,,,,,,464,Darian Hagan,Colorado,"$218,169 ",Pac-12,"$225,000 ","$7,031 ","$217,969 ","$7,031 ",—,,,,,,,,,,,,,,,,,
,,,,,,,,,,,465,Jake Cookus,Oregon State,"$218,055 ",Pac-12,"$225,000 ","$6,945 ","$218,055 ","$10,803 ",—,,,,,,,,,,,,,,,,,
,,,,,,,,,,,466,Clint Sintim,Virginia,"$217,734 ",ACC,"$225,000 ","$7,266 ","$217,734 ","$7,266 ",—,,,,,,,,,,,,,,,,,
,,,,,,,,,,,467,Barrett Ruud,Nebraska,"$217,500 ",Big Ten,"$225,000 ","$7,500 ","$217,500 ","$7,500 ",—,,,,,,,,,,,,,,,,,
,,,,,,,,,,,468,Andrew Browning,California,"$216,000 ",Pac-12,"$215,000 ",$0 ,"$215,000 ",$0 ,—,,,,,,,,,,,,,,,,,
,,,,,,,,,,,469,Jeff Koonz,West Virginia,"$213,813 ",Big 12,"$221,000 ","$7,187 ","$213,813 ","$12,604 ",—,,,,,,,,,,,,,,,,,
,,,,,,,,,,,470,Rion Rhoades,Arkansas,"$213,750 ",SEC,"$225,000 ","$11,250 ","$213,750 ","$20,625 ",—,,,,,,,,,,,,,,,,,
,,,,,,,,,,,471,Jimmy Smith,Arkansas,"$213,750 ",SEC,"$225,000 ","$11,250 ","$213,750 ","$20,625 ",—,,,,,,,,,,,,,,,,,
,,,,,,,,,,,472,Sam Carter,Arkansas,"$213,750 ",SEC,"$225,000 ","$11,250 ","$213,750 ","$20,625 ",—,,,,,,,,,,,,,,,,,
,,,,,,,,,,,473,Mickey Turner,Wisconsin,"$212,500 ",Big Ten,"$250,000 ","$37,500 ","$212,500 ","$43,750 ",—,,,,,,,,,,,,,,,,,
,,,,,,,,,,,474,Theron Aych,Arizona,"$209,542 ",Pac-12,"$235,000 ","$25,458 ","$209,542 ","$25,458 ",—,,,,,,,,,,,,,,,,,
,,,,,,,,,,,475,A.J. Steward,Arizona,"$200,625 ",Pac-12,"$225,000 ","$24,375 ","$200,625 ","$24,375 ",—,,,,,,,,,,,,,,,,,
,,,,,,,,,,,476,Stan Eggen,Arizona,"$200,625 ",Pac-12,"$225,000 ","$24,375 ","$200,625 ","$24,375 ",—,,,,,,,,,,,,,,,,,
,,,,,,,,,,,477,Luke Meadows,Kansas,"$200,000 ",Big 12,"$200,000 ",$0 ,"$200,000 ",$0 ,—,,,,,,,,,,,,,,,,,
,,,,,,,,,,,478,Shaun Aguano,Arizona State,"$200,000 ",Pac-12,"$200,000 ",$0 ,"$200,000 ",$0 ,—,,,,,,,,,,,,,,,,,
,,,,,,,,,,,479,Jordan Peterson,Kansas,"$200,000 ",Big 12,"$200,000 ",$0 ,"$200,000 ",$0 ,—,,,,,,,,,,,,,,,,,
,,,,,,,,,,,480,Elijah Brooks,Maryland,"$200,000 ",Big Ten,"$200,000 ",$0 ,"$200,000 ",$0 ,—,,,,,,,,,,,,,,,,,
,,,,,,,,,,,481,Terrence Brown,Washington,"$196,504 ",Pac-12,"$200,004 ","$3,500 ","$196,504 ","$6,188 ",—,,,,,,,,,,,,,,,,,
,,,,,,,,,,,482,William Peagler,Michigan State,"$195,333 ",Big Ten,"$200,000 ","$4,667 ","$195,333 ","$8,000 ",—,,,,,,,,,,,,,,,,,
,,,,,,,,,,,483,Brian Michalowski,Colorado,"$194,375 ",Pac-12,"$200,000 ","$6,250 ","$193,750 ","$6,250 ",—,,,,,,,,,,,,,,,,,
,,,,,,,,,,,484,Taylor Embree,Colorado,"$193,750 ",Pac-12,"$200,000 ","$6,250 ","$193,750 ","$10,000 ",—,,,,,,,,,,,,,,,,,
,,,,,,,,,,,485,Jon Budmayr,Wisconsin,"$191,250 ",Big Ten,"$225,000 ","$33,750 ","$191,250 ","$39,375 ",—,,,,,,,,,,,,,,,,,
,,,,,,,,,,,486,Kyle Krantz,South Carolina,"$185,883 ",SEC,"$200,000 ","$14,117 ","$185,883 ","$14,117 ",—,,,,,,,,,,,,,,,,,
,,,,,,,,,,,487,Freddie Aughtry-Lindsay,NC State,"$185,833 ",ACC,"$200,000 ","$14,167 ","$185,833 ","$14,167 ",—,,,,,,,,,,,,,,,,,
,,,,,,,,,,,488,Dontae Wright,West Virginia,"$185,167 ",Big 12,"$191,000 ","$5,833 ","$185,167 ","$8,750 ",—,,,,,,,,,,,,,,,,,
,,,,,,,,,,,489,Alvis Whitted,Wisconsin,"$182,310 ",Big Ten,"$200,000 ","$17,690 ","$182,310 ","$19,305 ",—,,,,,,,,,,,,,,,,,
,,,,,,,,,,,490,Taylor Mazzone,Arizona,"$181,248 ",Pac-12,"$200,000 ","$18,752 ","$181,248 ","$18,752 ",—,,,,,,,,,,,,,,,,,
,,,,,,,,,,,491,Joshua Eargle,Kansas,"$178,062 ",Big 12,"$185,000 ","$6,938 ","$178,062 ","$6,938 ",—,,,,,,,,,,,,,,,,,
,,,,,,,,,,,492,Mike Miller,Maryland,"$176,750 ",Big Ten,"$176,750 ",$0 ,"$176,750 ",$0 ,—,,,,,,,,,,,,,,,,,
,,,,,,,,,,,493,Derek Hagan,Arizona State,"$175,000 ",Pac-12,"$175,000 ",$0 ,"$175,000 ",$0 ,—,,,,,,,,,,,,,,,,,
,,,,,,,,,,,494,Prentice Gill,Arizona State,"$175,000 ",Pac-12,"$175,000 ",$0 ,"$175,000 ",$0 ,—,,,,,,,,,,,,,,,,,
,,,,,,,,,,,495,Joe Cox,South Carolina,"$174,015 ",SEC,"$180,000 ","$5,985 ","$174,015 ","$5,985 ",—,,,,,,,,,,,,,,,,,
,,,,,,,,,,,496,Brian Wozniak,Oregon State,"$170,003 ",Pac-12,"$175,008 ","$5,005 ","$170,003 ","$7,865 ",—,,,,,,,,,,,,,,,,,
,,,,,,,,,,,497,Aristotle Thompson,California,"$170,000 ",Pac-12,"$170,000 ",$0 ,"$170,000 ",$0 ,—,,,,,,,,,,,,,,,,,
,,,,,,,,,,,498,Jeremy Springer,Arizona,"$167,945 ",Pac-12,"$185,000 ","$17,055 ","$167,945 ","$17,055 ",—,,,,,,,,,,,,,,,,,
,,,,,,,,,,,499,Chevis Jackson,Kansas,"$158,812 ",Big 12,"$165,000 ","$6,188 ","$158,812 ","$16,188 ",—,,,,,,,,,,,,,,,,,
,,,,,,,,,,,500,Ryan Wallace,Purdue,"$155,000 ",Big Ten,"$155,000 ",$0 ,"$155,000 ",$0 ,—,,,,,,,,,,,,,,,,,
,,,,,,,,,,,501,Jeff Casteel,West Virginia,"$150,000 ",Big 12,"$150,000 ",$0 ,"$150,000 ",$0 ,—,,,,,,,,,,,,,,,,,
,,,,,,,,,,,502,Henry Baker,Maryland,"$150,000 ",Big Ten,"$150,000 ",$0 ,"$150,000 ",$0 ,—,,,,,,,,,,,,,,,,,
,,,,,,,,,,,503,Chidera Uzo-Diribe,Kansas,"$117,000 ",Big 12,"$120,000 ","$3,000 ","$117,000 ","$3,000 ",—,,,,,,,,,,,,,,,,,
,,,,,,,,,,,504,Chris Hawkins,Arizona State,"$100,000 ",Pac-12,"$100,000 ",$0 ,"$100,000 ",$0 ,—,,,,,,,,,,,,,,,,,
,,,,,,,,,,,505,Bill Teerlinck,Virginia Tech,—,ACC,"$400,000 ",—,—,—,—,,,,,,,,,,,,,,,,,
,,,,,,,,,,,506,Justin Johnson,Baylor,—,Big 12,—,—,—,—,—,,,,,,,,,,,,,,,,,
,,,,,,,,,,,507,John Scott,Penn State,—,Big Ten,—,—,—,—,—,,,,,,,,,,,,,,,,,
,,,,,,,,,,,508,Ted Roof,Vanderbilt,—,SEC,—,—,—,—,—,,,,,,,,,,,,,,,,,
,,,,,,,,,,,509,Vance Vice,Virginia Tech,—,ACC,"$300,000 ",—,—,—,—,,,,,,,,,,,,,,,,,
,,,,,,,,,,,510,John David Baker,Southern California,—,Pac-12,—,—,—,—,—,,,,,,,,,,,,,,,,,
,,,,,,,,,,,511,Ron Roberts,Baylor,—,Big 12,—,—,—,—,—,,,,,,,,,,,,,,,,,
,,,,,,,,,,,512,Lance Taylor,Notre Dame,—,ACC,—,—,—,—,—,,,,,,,,,,,,,,,,,
,,,,,,,,,,,513,Garin Justice,Miami,—,ACC,—,—,—,—,—,,,,,,,,,,,,,,,,,
,,,,,,,,,,,514,Todd Orlando,Southern California,—,Pac-12,—,—,—,—,—,,,,,,,,,,,,,,,,,
,,,,,,,,,,,515,Tim Salem,Pittsburgh,—,ACC,—,—,—,—,—,,,,,,,,,,,,,,,,,
,,,,,,,,,,,516,Darryl Tapp,Virginia Tech,—,ACC,"$175,000 ",—,—,—,—,,,,,,,,,,,,,,,,,
,,,,,,,,,,,517,Kevin Carberry,Stanford,—,Pac-12,—,—,—,—,—,,,,,,,,,,,,,,,,,
,,,,,,,,,,,518,Malcolm Kelly,Texas Christian,—,Big 12,—,—,—,—,—,,,,,,,,,,,,,,,,,
,,,,,,,,,,,519,Larry Fedora,Baylor,—,Big 12,—,—,—,—,—,,,,,,,,,,,,,,,,,
,,,,,,,,,,,520,Joe Lorig,Penn State,—,Big Ten,—,—,—,—,—,,,,,,,,,,,,,,,,,
,,,,,,,,,,,521,Chris Hampton,Duke,—,ACC,—,—,—,—,—,,,,,,,,,,,,,,,,,
,,,,,,,,,,,522,Chris Achuff,Syracuse,—,ACC,—,—,—,—,—,,,,,,,,,,,,,,,,,
,,,,,,,,,,,523,Devin Fitzsimmons,Vanderbilt,—,SEC,—,—,—,—,—,,,,,,,,,,,,,,,,,
,,,,,,,,,,,524,Pete Rossomando,Vanderbilt,—,SEC,—,—,—,—,—,,,,,,,,,,,,,,,,,
,,,,,,,,,,,525,Tony White,Syracuse,—,ACC,—,—,—,—,—,,,,,,,,,,,,,,,,,
,,,,,,,,,,,526,Brad Cornelsen,Virginia Tech,—,ACC,"$490,000 ",—,—,—,—,,,,,,,,,,,,,,,,,
,,,,,,,,,,,527,Stephen Field,Miami,—,ACC,—,—,—,—,—,,,,,,,,,,,,,,,,,
,,,,,,,,,,,528,Joe Wickline,Baylor,—,Big 12,—,—,—,—,—,,,,,,,,,,,,,,,,,
,,,,,,,,,,,529,Vince Oghobaase,Boston College,—,ACC,—,—,—,—,—,,,,,,,,,,,,,,,,,
,,,,,,,,,,,530,Blake Baker,Miami,—,ACC,—,—,—,—,—,,,,,,,,,,,,,,,,,
,,,,,,,,,,,531,Tim Drevno,Southern California,—,Pac-12,—,—,—,—,—,,,,,,,,,,,,,,,,,
,,,,,,,,,,,532,Kenechi Udeze,Vanderbilt,—,SEC,—,—,—,—,—,,,,,,,,,,,,,,,,,
,,,,,,,,,,,533,Kurt Anderson,Northwestern,—,Big Ten,—,—,—,—,—,,,,,,,,,,,,,,,,,
,,,,,,,,,,,534,Tim Horton,Vanderbilt,—,SEC,—,—,—,—,—,,,,,,,,,,,,,,,,,
,,,,,,,,,,,535,Tom Rees,Notre Dame,—,ACC,—,—,—,—,—,,,,,,,,,,,,,,,,,
,,,,,,,,,,,536,Kirk Benedict,Duke,—,ACC,—,—,—,—,—,,,,,,,,,,,,,,,,,
,,,,,,,,,,,537,Zac Roper,Duke,—,ACC,—,—,—,—,—,,,,,,,,,,,,,,,,,
,,,,,,,,,,,538,Jeffrey Faris,Duke,—,ACC,—,—,—,—,—,,,,,,,,,,,,,,,,,
,,,,,,,,,,,539,Bryan Applewhite,Texas Christian,—,Big 12,—,—,—,—,—,,,,,,,,,,,,,,,,,
,,,,,,,,,,,540,Matt Thurin,Boston College,—,ACC,—,—,—,—,—,,,,,,,,,,,,,,,,,
,,,,,,,,,,,541,Doug Meacham,Texas Christian,—,Big 12,—,—,—,—,—,,,,,,,,,,,,,,,,,
,,,,,,,,,,,542,Tem Lukabu,Boston College,—,ACC,—,—,—,—,—,,,,,,,,,,,,,,,,,
,,,,,,,,,,,543,Craig Naivar,Southern California,—,Pac-12,—,—,—,—,—,,,,,,,,,,,,,,,,,
,,,,,,,,,,,544,Pete Alamar,Stanford,—,Pac-12,—,—,—,—,—,,,,,,,,,,,,,,,,,
,,,,,,,,,,,545,Dan Sharp,Texas Christian,—,Big 12,—,—,—,—,—,,,,,,,,,,,,,,,,,
,,,,,,,,,,,546,Mark Whipple,Pittsburgh,—,ACC,—,—,—,—,—,,,,,,,,,,,,,,,,,
,,,,,,,,,,,547,Matt Powledge,Baylor,—,Big 12,—,—,—,—,—,,,,,,,,,,,,,,,,,
,,,,,,,,,,,548,Mike Mickens,Notre Dame,—,ACC,—,—,—,—,—,,,,,,,,,,,,,,,,,
,,,,,,,,,,,549,Nicholas Tabacca,Wake Forest,—,ACC,—,—,—,—,—,,,,,,,,,,,,,,,,,
,,,,,,,,,,,550,Jeff Genyk,Northwestern,—,Big Ten,—,—,—,—,—,,,,,,,,,,,,,,,,,
,,,,,,,,,,,551,Cory Sanders,Pittsburgh,—,ACC,—,—,—,—,—,,,,,,,,,,,,,,,,,
,,,,,,,,,,,552,Frank Cignetti Jr.,Boston College,—,ACC,—,—,—,—,—,,,,,,,,,,,,,,,,,
,,,,,,,,,,,553,Vic So'oto,Southern California,—,Pac-12,—,—,—,—,—,,,,,,,,,,,,,,,,,
,,,,,,,,,,,554,Paul Williams,Wake Forest,—,ACC,—,—,—,—,—,,,,,,,,,,,,,,,,,
,,,,,,,,,,,555,Ryan Smith,Virginia Tech,—,ACC,"$175,000 ",—,—,—,—,,,,,,,,,,,,,,,,,
,,,,,,,,,,,556,Dave Borbely,Pittsburgh,—,ACC,—,—,—,—,—,,,,,,,,,,,,,,,,,
,,,,,,,,,,,557,Jorge Munoz,Baylor,—,Big 12,—,—,—,—,—,,,,,,,,,,,,,,,,,
,,,,,,,,,,,558,Mike Lynch,Syracuse,—,ACC,—,—,—,—,—,,,,,,,,,,,,,,,,,
,,,,,,,,,,,559,Mike Bajakian,Northwestern,—,Big Ten,—,—,—,—,—,,,,,,,,,,,,,,,,,
,,,,,,,,,,,560,Bob Heffner,Northwestern,—,Big Ten,—,—,—,—,—,,,,,,,,,,,,,,,,,
,,,,,,,,,,,561,Rich Gunnell,Boston College,—,ACC,—,—,—,—,—,,,,,,,,,,,,,,,,,
,,,,,,,,,,,562,Matt MacPherson,Northwestern,—,Big Ten,—,—,—,—,—,,,,,,,,,,,,,,,,,
,,,,,,,,,,,563,Ron Gould,Stanford,—,Pac-12,—,—,—,—,—,,,,,,,,,,,,,,,,,
,,,,,,,,,,,564,Tim Banks,Penn State,—,Big Ten,—,—,—,—,—,,,,,,,,,,,,,,,,,
,,,,,,,,,,,565,Aaron Henry,Vanderbilt,—,SEC,—,—,—,—,—,,,,,,,,,,,,,,,,,
,,,,,,,,,,,566,Jovan Haye,Vanderbilt,—,SEC,—,—,—,—,—,,,,,,,,,,,,,,,,,
,,,,,,,,,,,567,Wayne Lineburg,Wake Forest,—,ACC,—,—,—,—,—,,,,,,,,,,,,,,,,,
,,,,,,,,,,,568,Taylor Stubblefield,Penn State,—,Big Ten,—,—,—,—,—,,,,,,,,,,,,,,,,,
,,,,,,,,,,,569,Chip West,Syracuse,—,ACC,—,—,—,—,—,,,,,,,,,,,,,,,,,
,,,,,,,,,,,570,Justin Lustig,Syracuse,—,ACC,—,—,—,—,—,,,,,,,,,,,,,,,,,
,,,,,,,,,,,571,Tyler Bowen,Penn State,—,Big Ten,—,—,—,—,—,,,,,,,,,,,,,,,,,
,,,,,,,,,,,572,Graham Harrell,Southern California,—,Pac-12,—,—,—,—,—,,,,,,,,,,,,,,,,,
,,,,,,,,,,,573,Vinson Reynolds,Syracuse,—,ACC,—,—,—,—,—,,,,,,,,,,,,,,,,,
,,,,,,,,,,,574,Ephraim Banda,Miami,—,ACC,—,—,—,—,—,,,,,,,,,,,,,,,,,
,,,,,,,,,,,575,Joey McGuire,Baylor,—,Big 12,—,—,—,—,—,,,,,,,,,,,,,,,,,
,,,,,,,,,,,576,Mike Cavanaugh,Syracuse,—,ACC,—,—,—,—,—,,,,,,,,,,,,,,,,,
,,,,,,,,,,,577,Phil Trautwein,Penn State,—,Big Ten,—,—,—,—,—,,,,,,,,,,,,,,,,,
,,,,,,,,,,,578,Mike Elston,Notre Dame,—,ACC,—,—,—,—,—,,,,,,,,,,,,,,,,,
,,,,,,,,,,,579,Shawn Bell,Baylor,—,Big 12,—,—,—,—,—,,,,,,,,,,,,,,,,,
,,,,,,,,,,,580,Sean Snyder,Southern California,—,Pac-12,—,—,—,—,—,,,,,,,,,,,,,,,,,
,,,,,,,,,,,581,Dennis Springer,Northwestern,—,Big Ten,—,—,—,—,—,,,,,,,,,,,,,,,,,
,,,,,,,,,,,582,Bobby Kennedy,Stanford,—,Pac-12,—,—,—,—,—,,,,,,,,,,,,,,,,,
,,,,,,,,,,,583,Sterlin Gilbert,Syracuse,—,ACC,—,—,—,—,—,,,,,,,,,,,,,,,,,
,,,,,,,,,,,584,Chad Glasgow,Texas Christian,—,Big 12,—,—,—,—,—,,,,,,,,,,,,,,,,,
,,,,,,,,,,,585,Tim McGarigle,Northwestern,—,Big Ten,—,—,—,—,—,,,,,,,,,,,,,,,,,
,,,,,,,,,,,586,John Hunter,Wake Forest,—,ACC,—,—,—,—,—,,,,,,,,,,,,,,,,,
,,,,,,,,,,,587,Kevin Higgins,Wake Forest,—,ACC,—,—,—,—,—,,,,,,,,,,,,,,,,,
,,,,,,,,,,,588,Lyle Hemphill,Wake Forest,—,ACC,—,—,—,—,—,,,,,,,,,,,,,,,,,
,,,,,,,,,,,589,Diron Reynolds,Stanford,—,Pac-12,—,—,—,—,—,,,,,,,,,,,,,,,,,
,,,,,,,,,,,590,Andre Powell,Pittsburgh,—,ACC,—,—,—,—,—,,,,,,,,,,,,,,,,,
,,,,,,,,,,,591,Dennis Johnson,Baylor,—,Big 12,—,—,—,—,—,,,,,,,,,,,,,,,,,
,,,,,,,,,,,592,Greg Jones,Wake Forest,—,ACC,—,—,—,—,—,,,,,,,,,,,,,,,,,
,,,,,,,,,,,593,Clark Lea,Notre Dame,—,ACC,—,—,—,—,—,,,,,,,,,,,,,,,,,
,,,,,,,,,,,594,Paul Gonzales,Texas Christian,—,Big 12,—,—,—,—,—,,,,,,,,,,,,,,,,,
,,,,,,,,,,,595,Jeremy Modkins,Texas Christian,—,Big 12,—,—,—,—,—,,,,,,,,,,,,,,,,,
,,,,,,,,,,,596,Morgan Turner,Stanford,—,Pac-12,—,—,—,—,—,,,,,,,,,,,,,,,,,
,,,,,,,,,,,597,Brian Stewart,Baylor,—,Big 12,—,—,—,—,—,,,,,,,,,,,,,,,,,
,,,,,,,,,,,598,Rob Likens,Miami,—,ACC,—,—,—,—,—,,,,,,,,,,,,,,,,,
,,,,,,,,,,,599,Trooper Taylor,Duke,—,ACC,—,—,—,—,—,,,,,,,,,,,,,,,,,
,,,,,,,,,,,600,Charlie Partridge,Pittsburgh,—,ACC,—,—,—,—,—,,,,,,,,,,,,,,,,,
,,,,,,,,,,,601,Reno Ferri,Syracuse,—,ACC,—,—,—,—,—,,,,,,,,,,,,,,,,,
,,,,,,,,,,,602,Todd Stroud,Miami,—,ACC,—,—,—,—,—,,,,,,,,,,,,,,,,,
,,,,,,,,,,,603,Ben Albert,Duke,—,ACC,—,—,—,—,—,,,,,,,,,,,,,,,,,
,,,,,,,,,,,604,Terry Joseph,Notre Dame,—,ACC,—,—,—,—,—,,,,,,,,,,,,,,,,,
,,,,,,,,,,,605,Lance Anderson,Stanford,—,Pac-12,—,—,—,—,—,,,,,,,,,,,,,,,,,
,,,,,,,,,,,606,Ja'Juan Seider,Penn State,—,Big Ten,—,—,—,—,—,,,,,,,,,,,,,,,,,
,,,,,,,,,,,607,Justin Hamilton,Virginia Tech,—,ACC,"$600,000 ",—,—,—,—,,,,,,,,,,,,,,,,,
,,,,,,,,,,,608,Steve Shimko,Boston College,—,ACC,—,—,—,—,—,,,,,,,,,,,,,,,,,
,,,,,,,,,,,609,Ryan Crawford,Wake Forest,—,ACC,—,—,—,—,—,,,,,,,,,,,,,,,,,
,,,,,,,,,,,610,Adam Lechtenberg,Virginia Tech,—,ACC,"$200,000 ",—,—,—,—,,,,,,,,,,,,,,,,,
,,,,,,,,,,,611,DelVaughn Alexander,Notre Dame,—,ACC,—,—,—,—,—,,,,,,,,,,,,,,,,,
,,,,,,,,,,,612,Tracy Claeys,Virginia Tech,—,ACC,"$500,000 ",—,—,—,—,,,,,,,,,,,,,,,,,
,,,,,,,,,,,613,John McNulty,Notre Dame,—,ACC,—,—,—,—,—,,,,,,,,,,,,,,,,,
,,,,,,,,,,,614,Re'quan Boyette,Duke,—,ACC,—,—,—,—,—,,,,,,,,,,,,,,,,,
,,,,,,,,,,,615,Jonathan Patke,Miami,—,ACC,—,—,—,—,—,,,,,,,,,,,,,,,,,
,,,,,,,,,,,616,Lanier Goethie,Duke,—,ACC,—,—,—,—,—,,,,,,,,,,,,,,,,,
,,,,,,,,,,,617,Jeff Quinn,Notre Dame,—,ACC,—,—,—,—,—,,,,,,,,,,,,,,,,,
,,,,,,,,,,,618,Louis Ayeni,Northwestern,—,Big Ten,—,—,—,—,—,,,,,,,,,,,,,,,,,
,,,,,,,,,,,619,James Shibest,Virginia Tech,—,ACC,"$475,000 ",—,—,—,—,,,,,,,,,,,,,,,,,
,,,,,,,,,,,620,Keary Colbert,Southern California,—,Pac-12,—,—,—,—,—,,,,,,,,,,,,,,,,,
,,,,,,,,,,,621,Jarrett Anderson,Texas Christian,—,Big 12,—,—,—,—,—,,,,,,,,,,,,,,,,,
,,,,,,,,,,,622,Warren Ruggiero,Wake Forest,—,ACC,—,—,—,—,—,,,,,,,,,,,,,,,,,
,,,,,,,,,,,623,Terry Smith,Penn State,—,Big Ten,—,—,—,—,—,,,,,,,,,,,,,,,,,
,,,,,,,,,,,624,Zarnell Fitch,Texas Christian,—,Big 12,—,—,—,—,—,,,,,,,,,,,,,,,,,
,,,,,,,,,,,625,Nick Monroe,Syracuse,—,ACC,—,—,—,—,—,,,,,,,,,,,,,,,,,
,,,,,,,,,,,626,Kirk Ciarrocca,Penn State,—,Big Ten,—,—,—,—,—,,,,,,,,,,,,,,,,,
,,,,,,,,,,,627,Matt Guerrieri,Duke,—,ACC,—,—,—,—,—,,,,,,,,,,,,,,,,,
,,,,,,,,,,,628,Eric Sanders,Stanford,—,Pac-12,—,—,—,—,—,,,,,,,,,,,,,,,,,
,,,,,,,,,,,629,Tavita Pritchard,Stanford,—,Pac-12,—,—,—,—,—,,,,,,,,,,,,,,,,,
,,,,,,,,,,,630,Aazaar Abdul-Rahim,Boston College,—,ACC,—,—,—,—,—,,,,,,,,,,,,,,,,,
,,,,,,,,,,,631,Marty Long,Northwestern,—,Big Ten,—,—,—,—,—,,,,,,,,,,,,,,,,,
,,,,,,,,,,,632,Archie Collins,Pittsburgh,—,ACC,—,—,—,—,—,,,,,,,,,,,,,,,,,
,,,,,,,,,,,633,Marc Mattioli,Vanderbilt,—,SEC,—,—,—,—,—,,,,,,,,,,,,,,,,,
,,,,,,,,,,,634,Mike Rumph,Miami,—,ACC,—,—,—,—,—,,,,,,,,,,,,,,,,,
,,,,,,,,,,,635,Matt Applebaum,Boston College,—,ACC,—,—,—,—,—,,,,,,,,,,,,,,,,,
,,,,,,,,,,,636,Eric Hickson,Miami,—,ACC,—,—,—,—,—,,,,,,,,,,,,,,,,,
,,,,,,,,,,,637,Rhett Lashlee,Miami,—,ACC,—,—,—,—,—,,,,,,,,,,,,,,,,,
,,,,,,,,,,,638,Duane Akina,Stanford,—,Pac-12,—,—,—,—,—,,,,,,,,,,,,,,,,,
,,,,,,,,,,,639,Donte Williams,Southern California,—,Pac-12,—,—,—,—,—,,,,,,,,,,,,,,,,,
,,,,,,,,,,,640,Greg Frey,Duke,—,ACC,—,—,—,—,—,,,,,,,,,,,,,,,,,
,,,,,,,,,,,641,Tony Ball,Vanderbilt,—,SEC,—,—,—,—,—,,,,,,,,,,,,,,,,,
,,,,,,,,,,,642,Mike Jinks,Southern California,—,Pac-12,—,—,—,—,—,,,,,,,,,,,,,,,,,
,,,,,,,,,,,643,Sean Duggan,Boston College,—,ACC,—,—,—,—,—,,,,,,,,,,,,,,,,,
,,,,,,,,,,,644,Todd Fitch,Vanderbilt,—,SEC,—,—,—,—,—,,,,,,,,,,,,,,,,,
,,,,,,,,,,,645,Joe Dailey,Boston College,—,ACC,—,—,—,—,—,,,,,,,,,,,,,,,,,
,,,,,,,,,,,646,Dave Cohen,Wake Forest,—,ACC,—,—,—,—,—,,,,,,,,,,,,,,,,,
,,,,,,,,,,,647,Chris Beatty,Pittsburgh,—,ACC,—,—,—,—,—,,,,,,,,,,,,,,,,,
,,,,,,,,,,,648,Mike Hankwitz,Northwestern,—,Big Ten,—,—,—,—,—,,,,,,,,,,,,,,,,,
,,,,,,,,,,,649,Rob Harley,Pittsburgh,—,ACC,—,—,—,—,—,,,,,,,,,,,,,,,,,
,,,,,,,,,,,650,Brian Polian,Notre Dame,—,ACC,—,—,—,—,—,,,,,,,,,,,,,,,,,
,,,,,,,,,,,651,Jafar Williams,Virginia Tech,—,ACC,"$280,000 ",—,—,—,—,,,,,,,,,,,,,,,,,
